,0,1,2,3,4,5,6,7,8,9
0,1,10,9,5,4,8,7,6,3,2016.1.00485.S
4,1,10,9,5,8,4,3,7,6,2017.1.00824.S
19,1,10,9,5,8,4,7,6,3,2015.1.01088.S
23,1,10,9,5,8,4,7,3,6,2013.1.00781.S
27,1,10,9,5,8,4,3,7,6,2016.1.00800.S
33,1,10,9,5,8,4,3,7,6,2015.1.00350.S
36,1,10,9,5,8,4,7,3,6,2015.1.00340.S
42,1,10,9,5,4,8,7,3,6,2022.1.00859.S
46,1,10,5,9,8,4,3,7,6,2012.1.00303.S
49,1,10,9,5,8,4,7,6,3,2018.1.00589.S
63,1,10,9,5,8,4,7,3,6,2018.1.01710.S
71,1,10,9,5,8,4,7,6,3,2019.1.01124.S
85,1,10,9,5,8,4,3,6,7,2013.1.00527.S
88,1,10,9,5,8,4,7,3,6,2022.1.00383.S
100,1,10,9,5,8,4,7,3,6,2018.1.00434.S
104,1,10,9,8,5,4,3,7,6,2022.1.01595.S
110,1,10,9,5,8,4,3,6,7,2022.1.00908.S
112,1,10,9,5,8,4,7,6,3,2019.1.00743.S
127,1,10,9,5,8,4,7,3,6,2013.1.01091.S
140,1,10,9,5,4,8,3,7,6,2015.1.00981.S
156,1,10,9,5,8,4,7,6,3,2021.1.00999.S
162,1,10,5,9,8,4,3,7,6,2022.1.01437.S
173,1,10,9,5,8,4,7,6,3,2013.1.01180.S
179,1,10,9,5,8,4,7,3,6,2013.1.00617.S
187,1,10,9,5,8,4,3,6,7,2018.1.00124.S
195,1,10,9,5,8,4,7,6,3,2012.1.00323.S
198,1,10,9,5,8,4,7,3,6,2015.1.01107.S
199,1,10,9,5,8,4,3,7,6,2022.1.00963.S
207,1,10,9,5,8,4,7,3,6,2016.1.00550.S
215,1,10,9,5,8,4,7,6,3,2022.1.00687.S
216,1,10,9,5,8,4,7,6,3,2015.1.01147.S
224,1,10,9,5,8,4,7,3,6,2017.1.01101.S
230,1,10,9,5,8,4,7,3,6,2013.1.01359.S
231,1,10,5,9,8,4,3,7,6,2013.1.00305.S
240,1,10,9,5,8,4,3,6,7,2016.A.00030.T
247,1,10,9,5,8,4,7,3,6,2022.1.01691.S
267,1,10,9,5,8,4,3,6,7,2012.1.00853.S
275,1,10,9,5,4,8,3,7,6,2012.1.00671.S
279,1,10,9,5,8,4,7,3,6,2016.1.01372.S
287,1,10,9,5,8,4,3,6,7,2018.1.01634.S
298,1,10,9,5,8,4,7,3,6,2021.1.00728.S
302,1,10,9,5,8,4,7,6,3,2018.1.00164.S
318,1,10,9,5,8,4,3,7,6,2019.1.00572.S
328,1,10,9,5,8,4,7,3,6,2022.1.00794.S
336,1,10,9,5,8,4,7,3,6,2013.1.00211.S
350,1,10,9,5,8,4,3,6,7,2017.1.00555.S
362,1,10,9,5,8,4,7,3,6,2021.1.00675.S
374,1,10,9,5,8,4,7,6,3,2018.1.01869.S
390,1,10,9,5,8,4,3,7,6,2015.1.00615.S
403,1,10,9,5,8,4,3,7,6,2016.1.00391.S
407,1,10,9,5,8,4,3,6,7,2018.1.01239.S
416,1,10,9,5,4,8,7,3,6,2016.1.01093.S
417,1,10,9,5,8,4,7,6,3,2017.1.01512.S
437,1,10,9,5,8,4,7,6,3,2019.1.00862.S
442,1,10,9,5,8,4,7,6,3,2022.1.00319.S
450,1,10,9,5,8,4,7,3,6,2018.1.01359.S
462,1,10,9,5,8,4,7,6,3,2015.1.01177.S
466,1,10,9,5,8,4,7,6,3,2013.1.00834.S
470,1,10,9,5,8,4,7,3,6,2022.1.01160.S
490,1,10,9,5,8,4,3,7,6,2015.1.00307.S
493,1,10,9,8,5,4,3,7,6,2011.0.00136.S
497,1,10,9,5,8,4,3,7,6,2022.1.00086.S
505,1,10,9,5,8,4,7,6,3,2023.1.00642.S
512,1,10,9,5,8,4,3,6,7,2019.1.01177.S
516,1,10,9,5,8,4,7,3,6,2012.1.00088.S
517,1,10,9,5,8,4,7,3,6,2017.1.01380.S
522,1,10,5,9,4,8,7,6,3,2019.2.00252.S
531,1,10,9,5,8,4,7,6,3,2016.1.00215.S
539,1,10,5,9,8,4,7,3,6,2021.1.01324.V
543,1,10,9,5,8,4,3,7,6,2015.1.00341.S
549,1,10,9,5,8,4,7,3,6,2022.1.00545.S
551,1,10,5,9,8,4,3,7,6,2017.1.01578.S
556,1,10,9,5,8,4,3,6,7,2019.1.00386.T
564,1,10,9,5,8,4,7,3,6,2013.1.01155.S
569,1,10,9,5,8,4,7,6,3,2023.1.01524.S
573,1,10,9,5,8,4,7,6,3,2013.1.00247.S
586,1,10,9,5,4,8,3,7,6,2017.1.00467.S
589,1,10,5,9,8,4,3,7,6,2016.1.00138.S
593,1,10,5,9,8,4,7,3,6,2022.1.00366.V
603,1,10,9,5,8,4,7,6,3,2017.1.01077.S
609,1,10,9,5,8,4,7,6,3,2023.1.00713.S
621,1,10,9,5,8,4,7,6,3,2012.1.01022.S
625,1,10,9,5,4,8,7,6,3,2019.2.00033.S
630,1,10,9,5,8,4,3,7,6,2022.1.01365.S
637,1,10,9,5,8,4,7,3,6,2013.1.00171.S
649,1,10,9,5,8,4,7,6,3,2013.1.00350.S
652,1,10,5,9,8,4,3,7,6,2018.1.00045.S
653,1,10,9,5,8,4,3,7,6,2022.1.00225.S
658,1,10,9,5,8,4,7,3,6,2019.1.00245.S
662,1,10,9,5,8,4,3,7,6,2012.1.00550.S
670,1,10,9,5,8,4,7,3,6,2019.1.00851.S
674,1,10,9,5,8,4,7,3,6,2022.1.01232.S
682,1,10,9,5,8,4,7,3,6,2013.1.00033.S
701,1,10,9,5,4,8,7,6,3,2013.1.00210.S
710,1,10,9,5,8,4,7,6,3,2016.1.00461.S
712,1,10,9,5,8,4,7,3,6,2022.1.01740.V
716,1,10,9,5,8,4,3,7,6,2011.0.00399.S
720,1,10,9,8,5,4,7,3,6,2021.2.00094.S
737,1,10,9,5,8,4,7,3,6,2018.1.00794.S
743,1,10,9,5,8,4,3,7,6,2022.1.01686.S
752,1,10,9,5,4,8,7,6,3,2018.1.00272.S
769,1,10,9,5,8,4,7,3,6,2012.1.00657.S
777,1,10,9,5,8,4,3,7,6,2018.1.00271.S
778,1,10,9,5,8,4,7,3,6,2022.1.00406.S
781,1,10,9,5,8,4,7,6,3,2019.1.01768.S
785,1,10,9,5,8,4,7,6,3,2015.1.00040.S
793,1,10,9,5,8,4,7,3,6,2015.1.00627.S
794,1,10,9,5,4,8,7,6,3,2022.1.00999.S
795,1,10,9,5,8,4,7,3,6,2015.1.01510.S
796,1,10,9,5,8,4,7,3,6,2021.1.01309.S
802,1,10,9,5,8,4,7,6,3,2012.1.00720.S
803,1,10,9,5,8,4,7,3,6,2013.1.00183.S
810,1,10,9,8,5,4,3,7,6,2021.1.00536.S
815,1,10,9,5,8,4,7,3,6,2022.1.01039.S
827,1,10,9,5,8,4,7,3,6,2012.1.00940.S
831,1,10,9,5,8,4,7,3,6,2013.1.00291.S
836,1,10,9,5,8,4,7,3,6,2016.1.00839.S
840,1,10,9,5,8,4,7,3,6,2018.1.01830.S
842,1,10,9,5,8,4,7,3,6,2016.1.01580.S
848,1,10,9,5,4,8,7,6,3,2013.1.00885.S
850,1,10,9,5,8,4,3,7,6,2022.1.00760.S
856,1,10,9,5,8,4,7,6,3,2015.1.00302.S
858,1,10,9,5,8,4,3,6,7,2019.1.01619.S
874,1,10,9,5,8,4,7,6,3,2019.1.00102.S
882,1,10,9,5,8,4,7,3,6,2019.1.01641.S
906,1,10,9,5,8,4,3,6,7,2015.1.00676.S
907,1,10,9,5,8,4,7,3,6,2022.1.01213.S
921,1,10,9,5,4,8,3,7,6,2017.1.01562.S
934,1,10,9,5,8,4,3,7,6,2015.1.00475.S
939,1,10,9,5,8,4,7,3,6,2019.1.00678.S
949,1,10,9,5,8,4,3,7,6,2022.1.00931.S
959,1,10,9,5,8,4,7,3,6,2016.1.01125.S
968,1,10,9,5,8,4,7,6,3,2018.1.01684.S
983,1,10,9,5,8,4,3,7,6,2016.1.00803.S
985,1,10,9,5,8,4,7,6,3,2015.1.01047.S
993,1,10,9,5,8,4,7,3,6,2019.1.01266.S
1001,1,10,9,5,8,4,3,7,6,2018.1.01035.T
1017,1,10,9,5,8,4,7,6,3,2019.2.00014.S
1020,1,10,5,9,8,4,3,7,6,2016.1.00907.S
1022,1,10,9,5,8,4,3,7,6,2012.1.00501.S
1036,1,10,9,5,8,4,7,6,3,2011.0.00474.S
1040,1,10,9,5,8,4,7,6,3,2013.1.00279.S
1052,1,10,9,5,8,4,7,6,3,2011.0.00471.S
1060,1,10,9,5,8,4,3,7,6,2015.1.00815.S
1066,1,10,9,5,8,4,3,7,6,2011.0.00619.S
1070,1,10,9,5,8,4,7,3,6,2017.1.00293.S
1074,1,10,9,5,4,8,7,3,6,2017.A.00054.S
1090,1,10,9,8,5,4,3,7,6,2015.1.01188.S
1098,1,10,9,5,8,4,7,3,6,2018.1.00192.S
1111,1,10,9,5,8,4,7,3,6,2015.1.01273.S
1127,1,10,9,5,8,4,7,3,6,2021.1.01474.S
1131,1,10,9,5,8,4,3,7,6,2012.1.00193.S
1133,1,10,9,5,8,4,7,3,6,2022.1.00761.S
1135,1,10,9,5,8,4,7,3,6,2018.1.01449.S
1139,1,10,9,5,8,4,7,3,6,2016.1.00063.S
1150,1,10,9,5,8,4,7,6,3,2013.1.00922.S
1151,1,10,9,5,8,4,7,3,6,2011.0.00656.S
1162,1,10,9,5,8,4,7,3,6,2022.1.00898.S
1167,1,10,9,8,5,4,3,7,6,2018.1.01037.S
1183,1,10,9,5,4,8,7,3,6,2013.1.00039.S
1191,1,10,9,5,8,4,7,3,6,2016.1.00852.S
1194,1,10,9,5,8,4,7,6,3,2015.1.01355.S
1195,1,10,9,5,8,4,3,7,6,2017.1.01552.S
1202,1,10,9,5,8,4,3,7,6,2019.1.00847.S
1227,1,10,5,9,8,4,3,7,6,2023.1.00394.S
1229,1,10,9,5,8,4,7,3,6,2017.1.00471.S
1231,1,10,9,5,8,4,7,6,3,2015.1.01520.S
1234,1,10,9,5,8,3,4,6,7,2013.1.00091.S
1236,1,10,9,5,8,4,7,3,6,2021.1.00447.S
1242,1,10,9,5,8,4,3,7,6,2018.1.01288.S
1246,1,10,9,5,8,4,7,6,3,2016.1.01072.S
1251,1,10,9,5,8,4,3,7,6,2013.1.00025.S
1252,1,10,9,5,8,4,7,6,3,2018.1.01852.S
1253,1,10,9,5,8,4,3,6,7,2013.1.01268.S
1260,1,10,9,5,8,4,7,3,6,2018.1.00331.S
1279,1,10,9,5,8,4,7,6,3,2018.1.00326.S
1283,1,10,9,5,8,4,3,7,6,2013.1.01222.S
1284,1,10,5,9,8,4,7,3,6,2019.1.01559.S
1292,1,10,9,5,8,4,3,7,6,2016.A.00021.T
1294,1,10,9,5,8,4,7,3,6,2013.1.00999.S
1306,1,10,9,5,8,4,7,6,3,2013.1.01312.S
1319,1,10,9,5,8,4,3,7,6,2017.1.00393.S
1335,1,10,9,5,8,4,7,6,3,2016.1.01243.S
1338,1,10,9,5,8,4,7,6,3,2013.1.00058.S
1340,1,10,9,5,8,4,3,7,6,2022.1.01284.S
1348,1,10,9,5,8,4,3,7,6,2011.0.00750.S
1352,1,10,9,5,8,4,3,6,7,2013.1.00457.S
1357,1,10,9,5,8,4,3,6,7,2017.1.00363.S
1361,1,10,9,5,8,4,3,7,6,2015.1.00513.S
1363,1,10,9,5,8,4,7,3,6,2012.1.00346.S
1375,1,10,9,5,8,4,7,6,3,2016.1.00628.S
1378,1,10,9,5,8,4,3,7,6,2011.0.00419.S
1386,1,10,9,5,8,4,7,6,3,2022.1.00333.S
1387,1,10,9,5,8,4,3,7,6,2019.1.00738.S
1389,1,10,9,5,8,4,7,6,3,2015.1.00717.S
1393,1,10,5,9,4,8,3,7,6,2013.1.00014.S
1395,1,10,9,5,8,4,3,7,6,2013.1.00955.S
1401,1,10,9,5,8,4,3,7,6,2015.1.01287.S
1403,1,10,9,5,8,4,3,7,6,2023.1.01197.S
1410,1,10,9,5,8,4,3,7,6,2012.1.00799.S
1414,1,10,9,5,8,4,3,7,6,2012.1.00385.S
1415,1,10,9,5,8,4,7,3,6,2019.1.01117.S
1419,1,10,9,5,8,4,3,7,6,2018.1.01563.S
1422,1,10,9,5,8,4,3,7,6,2017.1.00786.S
1424,1,10,9,5,8,4,7,6,3,2017.1.01340.S
1428,1,10,9,5,8,4,7,3,6,2016.1.00794.S
1434,1,10,9,5,8,4,3,7,6,2023.1.00158.S
1438,1,10,9,5,4,8,7,6,3,2023.1.01206.S
1442,1,10,9,5,8,4,7,6,3,2011.0.00010.S
1462,1,10,9,5,8,4,7,6,3,2019.A.00015.S
1478,1,10,9,8,5,4,3,6,7,2018.1.01631.S
1490,1,10,9,5,8,4,3,7,6,2019.1.01008.T
1503,1,10,9,5,8,4,7,3,6,2015.1.01151.S
1506,1,10,9,5,8,4,7,3,6,2021.1.01259.S
1520,1,10,9,5,8,4,7,3,6,2017.1.00077.S
1527,1,10,9,5,8,4,7,3,6,2017.1.00560.S
1529,1,10,9,5,8,4,3,7,6,2019.1.00437.S
1550,1,10,5,9,8,4,3,7,6,2013.1.00349.S
1554,1,10,9,5,8,4,7,3,6,2015.1.01013.S
1559,1,10,9,5,8,4,7,3,6,2017.1.00991.V
1563,1,10,9,5,8,4,3,7,6,2013.1.00883.S
1565,1,10,9,5,8,4,3,7,6,2012.1.00784.S
1573,1,10,9,5,8,4,3,7,6,2011.0.00273.S
1581,1,10,9,5,8,4,7,6,3,2015.1.01426.S
1583,1,10,9,5,8,4,7,3,6,2021.1.00715.S
1590,1,10,9,5,8,4,7,3,6,2011.0.00121.S
1596,1,10,9,5,8,4,7,3,6,2012.1.00033.S
1600,1,10,9,5,8,4,7,3,6,2019.1.01003.S
1612,1,10,9,5,8,4,3,7,6,2019.1.00037.S
1616,1,10,9,5,8,4,7,6,3,2019.1.00652.S
1618,1,10,9,5,8,4,7,3,6,2023.1.00251.S
1642,1,10,9,5,8,4,7,3,6,2012.1.00368.S
1664,1,10,9,5,8,4,6,7,3,2019.1.01257.S
1688,1,10,9,5,8,4,3,7,6,2021.2.00116.S
1701,1,10,9,5,8,4,7,3,6,2016.1.01398.S
1705,1,10,9,5,8,4,7,3,6,2012.1.00603.S
1716,1,10,9,5,8,4,3,7,6,2015.1.00762.S
1718,1,10,9,5,8,4,3,7,6,2022.1.00995.S
1722,1,10,9,5,8,4,7,6,3,2013.1.00742.S
1726,1,10,9,5,8,4,7,3,6,2012.1.00538.S
1745,1,10,9,5,8,4,3,7,6,2017.A.00025.S
1752,1,10,9,5,8,4,3,7,6,2021.1.00575.S
1760,1,10,9,5,8,4,7,6,3,2019.1.00883.S
1768,1,10,9,5,8,4,7,3,6,2016.1.00915.S
1776,1,10,9,5,8,4,3,7,6,2018.1.01242.S
1780,1,10,9,5,8,4,7,6,3,2016.1.01126.S
1783,1,10,9,5,4,8,3,7,6,2016.1.00654.S
1785,1,10,9,5,8,4,7,3,6,2017.1.00079.S
1791,1,10,9,5,8,7,4,6,3,2017.1.00571.S
1795,1,10,9,5,8,4,7,6,3,2023.1.01674.S
1800,1,10,9,5,8,4,7,6,3,2021.1.01083.S
1804,1,10,9,5,8,4,7,3,6,2019.1.01611.S
1806,1,10,9,5,8,4,7,6,3,2012.1.01004.S
1810,1,10,9,5,8,4,7,6,3,2015.1.00250.S
1814,1,10,9,5,8,4,7,3,6,2023.1.00868.S
1822,1,10,9,5,8,4,3,7,6,2016.1.00826.S
1823,1,10,5,9,4,8,7,3,6,2023.1.01214.S
1824,1,10,9,5,8,4,7,3,6,2016.1.00314.S
1833,1,10,9,5,4,8,7,6,3,2019.2.00212.S
1835,1,10,9,5,8,4,7,6,3,2016.1.00101.S
1842,1,10,9,5,4,8,7,3,6,2013.1.01031.S
1844,1,10,9,5,8,4,3,7,6,2017.1.01583.S
1849,1,10,9,5,8,4,7,3,6,2022.1.00403.S
1855,1,10,9,8,5,4,7,6,3,2018.1.00588.S
1869,1,10,9,5,8,4,7,6,3,2012.1.00640.S
1873,1,10,9,5,8,4,7,6,3,2019.1.00151.S
1877,1,10,9,5,8,4,7,3,6,2017.1.01532.S
1885,1,10,9,5,8,4,7,6,3,2013.1.00417.S
1887,1,10,9,5,4,8,7,3,6,2013.1.00993.S
1895,1,10,9,5,8,4,3,7,6,2017.1.00181.S
1919,1,10,9,5,8,4,7,6,3,2015.1.01593.S
1936,1,10,9,5,8,4,3,7,6,2017.1.00941.S
1942,1,10,9,5,8,4,7,3,6,2012.1.01111.S
1946,1,10,9,5,8,4,7,6,3,2021.1.01432.S
1949,1,10,9,5,8,4,7,3,6,2023.1.01706.S
1955,1,10,9,5,8,4,3,7,6,2021.1.00912.S
1960,1,10,9,5,8,4,3,7,6,2023.1.00336.S
1963,1,10,9,5,4,8,3,7,6,2016.1.00346.S
1965,1,10,9,5,8,4,3,7,6,2021.2.00102.S
1970,1,10,9,5,8,4,7,3,6,2021.1.00850.S
1974,1,10,9,5,8,4,7,3,6,2016.2.00134.S
1975,1,10,9,5,8,4,3,7,6,2015.1.00089.S
1979,1,10,9,5,8,4,3,7,6,2015.1.01243.S
1985,1,10,9,5,8,4,3,7,6,2013.1.00773.S
1986,1,10,9,5,8,4,7,3,6,2018.1.00816.S
1988,1,10,9,5,8,4,7,6,3,2017.1.01140.S
1991,1,10,9,5,8,4,7,3,6,2019.1.00476.S
1998,1,10,9,5,8,4,3,7,6,2022.1.00154.S
2000,1,10,9,5,8,4,7,3,6,2018.1.01750.S
2001,1,10,9,5,8,4,7,3,6,2017.1.00180.S
2016,1,10,9,5,4,8,7,3,6,2022.1.00098.S
2024,1,10,9,5,8,4,7,3,6,2015.1.01584.S
2029,1,10,9,5,8,4,7,3,6,2015.1.00241.S
2035,1,10,9,5,8,4,7,6,3,2012.1.00539.S
2040,1,10,9,5,8,4,7,6,3,2021.1.01375.S
2044,1,10,9,5,8,4,7,3,6,2013.1.00260.S
2048,1,10,9,5,8,4,3,7,6,2013.1.01157.S
2062,1,10,9,5,8,4,7,3,6,2019.1.00838.S
2070,1,10,9,5,8,4,3,7,6,2022.1.00997.T
2090,1,10,9,5,8,4,6,7,3,2018.1.00359.S
2102,1,10,9,5,4,8,3,7,6,2021.1.01081.S
2106,1,10,9,5,4,8,3,7,6,2017.A.00024.S
2107,1,10,9,5,8,4,7,3,6,2018.1.01687.S
2125,1,10,5,9,4,8,7,3,6,2017.1.00301.S
2147,1,10,9,5,8,4,7,6,3,2021.1.01650.S
2148,1,10,9,5,4,7,8,6,3,2017.1.01209.S
2152,1,10,9,5,8,4,3,6,7,2015.1.00308.S
2158,1,10,9,5,8,4,7,6,3,2018.1.01334.S
2166,1,10,9,5,8,4,7,6,3,2017.1.01045.S
2170,1,10,5,9,8,4,3,7,6,2015.1.00141.S
2182,1,10,9,5,8,4,7,3,6,2017.1.00569.S
2192,1,10,9,5,8,4,7,3,6,2016.1.01015.S
2196,1,10,9,5,8,4,7,6,3,2023.1.01558.S
2216,1,10,5,9,4,8,7,3,6,2019.1.01812.V
2220,1,10,5,9,8,4,3,7,6,2015.1.00889.S
2224,1,10,9,5,8,4,7,3,6,2015.1.00305.S
2228,1,10,9,5,8,4,7,6,3,2019.1.01382.S
2229,1,10,9,5,8,4,7,3,6,2013.1.00070.S
2253,1,10,9,5,8,4,7,3,6,2019.2.00072.S
2259,1,10,9,5,8,4,3,6,7,2012.1.00681.S
2263,1,10,9,5,8,4,6,3,7,2022.1.00611.S
2266,1,10,9,5,8,4,7,6,3,2012.1.00001.S
2276,1,10,9,8,5,4,7,6,3,2017.1.01306.S
2292,1,10,9,5,8,4,7,3,6,2018.1.01321.S
2305,1,10,9,5,8,4,7,6,3,2016.2.00097.S
2315,1,10,9,5,8,4,7,6,3,2019.1.01422.S
2322,1,10,9,5,4,8,3,7,6,2021.A.00022.S
2330,1,10,9,5,4,8,7,3,6,2017.A.00026.S
2331,1,10,9,5,8,4,7,3,6,2018.1.00126.S
2336,1,10,9,5,8,4,3,6,7,2016.1.01468.S
2349,1,10,9,5,8,4,7,3,6,2018.1.01050.S
2355,1,10,9,8,4,5,3,7,6,2019.1.00720.S
2362,1,10,9,5,8,4,7,6,3,2011.0.00217.S
2366,1,10,9,5,8,4,3,7,6,2017.1.01478.S
2369,1,10,9,5,8,4,7,3,6,2016.1.00533.S
2373,1,10,9,5,8,4,3,7,6,2018.1.01330.S
2375,1,10,9,5,8,4,7,3,6,2023.1.00600.S
2386,1,10,9,5,8,4,7,6,3,2021.2.00059.S
2394,1,10,9,5,8,4,7,3,6,2019.1.01741.S
2405,1,10,9,5,4,8,7,3,6,2021.1.01603.S
2406,1,10,9,5,8,4,3,7,6,2015.1.01037.S
2410,1,10,9,5,8,4,3,6,7,2013.1.01046.S
2428,1,10,9,5,8,4,3,7,6,2018.1.00458.S
2432,1,10,5,9,4,8,3,6,7,2016.1.00232.S
2441,1,10,9,5,8,4,7,6,3,2017.1.00489.S
2443,1,10,9,5,4,8,7,3,6,2011.0.00645.S
2447,1,10,9,5,8,4,3,6,7,2016.1.00117.S
2463,1,10,9,5,8,4,3,6,7,2019.1.00479.S
2465,1,10,9,5,8,4,7,6,3,2019.1.00130.S
2489,1,10,9,5,4,8,3,7,6,2011.0.00268.S
2491,1,10,9,5,8,4,7,6,3,2022.1.01376.S
2493,1,10,9,5,8,4,7,3,6,2015.1.00106.S
2497,1,10,9,5,8,4,7,6,3,2019.1.01201.S
2501,1,10,9,5,8,4,7,6,3,2023.1.01313.S
2509,1,10,9,5,8,4,7,3,6,2018.1.00081.S
2517,1,10,9,5,8,4,7,3,6,2017.1.01318.S
2525,1,10,9,5,8,4,3,7,6,2018.1.01679.S
2533,1,10,9,5,8,4,6,7,3,2023.1.01066.S
2535,1,10,9,5,8,4,7,3,6,2013.1.00397.S
2536,1,10,9,5,8,4,7,3,6,2022.1.00141.S
2537,1,10,9,5,8,4,7,3,6,2016.1.01149.S
2541,1,10,9,5,8,4,7,6,3,2012.1.00474.S
2556,1,10,9,5,8,4,7,3,6,2012.1.00208.S
2557,1,10,9,5,8,4,7,6,3,2021.1.00935.S
2559,1,10,9,5,8,4,7,6,3,2015.1.01198.S
2571,1,10,9,5,8,4,7,3,6,2015.1.00624.S
2578,1,10,9,5,8,4,7,6,3,2022.1.01739.S
2596,1,10,9,5,8,4,3,7,6,2015.1.00192.S
2605,1,10,9,5,4,8,3,7,6,2019.1.00618.S
2611,1,10,9,5,8,4,3,7,6,2017.1.00200.S
2628,1,10,9,5,8,4,3,7,6,2021.1.01720.S
2634,1,10,9,8,5,4,7,3,6,2021.2.00147.S
2654,1,10,9,5,8,7,4,6,3,2017.1.01177.S
2655,1,10,9,5,8,4,7,6,3,2022.1.00707.S
2667,1,10,9,5,8,4,7,3,6,2015.1.01136.S
2669,1,10,9,5,8,4,7,6,3,2019.1.01664.S
2673,1,10,9,5,8,4,7,6,3,2019.1.00771.S
2685,1,10,9,5,8,4,7,6,3,2018.1.01826.S
2686,1,10,9,5,4,8,7,6,3,2015.1.00952.S
2688,1,10,9,5,8,4,7,3,6,2012.1.00542.S
2692,1,10,9,5,8,4,7,6,3,2016.1.00650.S
2699,1,10,9,5,8,4,3,7,6,2022.1.00657.S
2710,1,10,9,5,8,4,7,6,3,2015.1.01309.S
2719,1,10,9,3,4,6,5,8,7,2016.1.01543.S
2739,1,10,9,5,8,4,7,3,6,2016.1.00496.S
2751,1,10,9,5,8,4,3,7,6,2017.1.00700.S
2755,1,10,9,5,8,4,7,3,6,2018.1.00147.S
2763,1,10,9,5,4,8,7,3,6,2022.1.01384.S
2765,1,10,9,5,8,4,3,6,7,2011.0.00779.S
2769,1,10,9,5,8,4,7,6,3,2017.1.00066.S
2772,1,10,9,5,8,4,7,3,6,2021.1.00814.S
2776,1,10,9,5,4,7,6,3,8,2019.1.00165.S
2800,1,10,9,5,8,4,3,7,6,2021.1.00782.S
2807,1,10,9,5,8,4,3,7,6,2013.1.00879.S
2819,1,10,5,9,8,4,7,3,6,2016.1.00854.S
2820,1,10,9,5,8,4,7,6,3,2021.1.00105.S
2836,1,10,9,5,8,4,3,7,6,2015.1.00028.S
2844,1,10,9,5,8,4,3,7,6,2019.1.00761.S
2849,1,10,9,5,8,4,3,7,6,2013.1.00798.S
2854,1,10,9,5,4,8,3,7,6,2016.1.00254.S
2866,1,10,9,5,8,4,7,6,3,2022.1.00519.S
2881,1,10,9,5,8,4,7,6,3,2013.1.00535.S
2893,1,10,9,5,8,4,7,3,6,2017.1.00629.S
2913,1,10,9,5,8,4,3,7,6,2019.1.00732.S
2918,1,10,9,5,8,4,7,3,6,2017.A.00032.S
2926,1,10,9,5,8,4,7,3,6,2017.1.00661.S
2938,1,10,9,5,8,4,3,7,6,2023.1.00515.S
2946,1,10,9,5,7,4,3,8,6,2016.1.00978.S
2950,1,10,9,5,8,4,3,7,6,2017.1.01247.S
2954,1,10,9,5,4,8,3,7,6,2015.1.00059.S
2968,1,10,9,5,8,4,3,7,6,2016.2.00117.S
2983,1,10,5,9,4,8,7,3,6,2016.1.01404.V
2989,1,10,9,5,8,4,3,7,6,2016.2.00027.S
2998,1,10,9,5,8,4,7,3,6,2012.1.00333.S
3001,1,10,9,5,8,4,7,6,3,2018.A.00061.S
3005,1,10,9,5,8,4,3,7,6,2023.1.01340.S
3006,1,10,9,5,8,4,7,3,6,2022.1.01356.S
3014,1,10,9,5,8,4,3,6,7,2017.1.00737.S
3026,1,10,9,5,8,4,7,3,6,2017.1.01145.S
3030,1,10,9,5,8,4,3,6,7,2016.1.00161.S
3056,1,10,9,5,8,4,3,7,6,2019.1.01071.S
3057,1,10,9,5,8,4,7,6,3,2016.1.00864.S
3061,1,10,9,5,8,4,3,7,6,2019.1.00251.S
3063,1,10,9,5,8,4,7,6,3,2016.1.00121.S
3068,1,10,9,5,8,4,7,3,6,2021.1.00889.V
3072,1,10,9,5,8,4,7,3,6,2023.1.00802.S
3074,1,10,9,5,8,4,7,6,3,2013.1.00952.S
3080,1,10,9,5,8,4,7,3,6,2017.1.00586.S
3086,1,10,9,5,8,4,7,3,6,2013.1.00806.S
3100,1,10,5,9,4,8,7,3,6,2012.1.00543.S
3116,1,10,9,5,8,4,3,7,6,2017.1.00696.S
3124,1,10,9,5,8,4,3,7,6,2018.1.00167.S
3128,1,10,9,5,8,4,7,6,3,2019.1.01329.S
3144,1,10,9,5,8,4,7,6,3,2023.1.00032.S
3148,1,10,9,5,8,4,7,3,6,2015.1.01125.S
3155,1,10,9,5,8,4,7,3,6,2016.1.01269.S
3159,1,10,9,5,8,4,7,6,3,2019.1.01642.S
3160,1,10,9,5,4,8,7,6,3,2012.1.00602.S
3162,1,10,9,5,8,4,7,6,3,2016.1.01155.S
3167,1,10,9,5,4,8,3,6,7,2016.1.01530.S
3175,1,10,9,5,8,4,3,6,7,2017.1.00075.S
3187,1,10,9,5,8,4,3,7,6,2016.1.00383.S
3195,1,10,9,5,8,4,7,3,6,2013.1.01193.S
3197,1,10,9,5,4,8,7,3,6,2019.2.00015.S
3203,1,10,9,5,4,8,7,3,6,2017.1.01358.S
3206,1,10,9,5,4,8,3,7,6,2018.1.00500.S
3210,1,10,9,5,8,4,7,3,6,2018.1.00492.S
3214,1,10,9,5,8,4,7,3,6,2021.1.00055.S
3217,1,10,9,5,8,4,7,3,6,2015.1.00147.S
3224,1,10,9,5,8,4,3,7,6,2013.1.00658.S
3228,1,10,9,5,8,4,7,3,6,2022.1.00276.S
3232,1,10,9,5,8,4,3,7,6,2016.1.01504.S
3237,1,10,9,5,8,4,7,6,3,2021.1.00313.S
3254,1,10,9,5,8,4,7,3,6,2013.1.00916.S
3255,1,10,9,5,8,4,3,7,6,2012.1.00437.S
3258,1,10,9,5,8,4,7,6,3,2022.1.00578.S
3259,1,10,9,5,8,4,7,6,3,2023.1.00229.S
3263,1,10,9,5,8,4,7,6,3,2017.1.00753.S
3264,1,10,9,5,8,4,7,3,6,2016.1.00380.S
3282,1,10,9,5,8,4,7,3,6,2018.1.00531.S
3293,1,10,9,8,5,4,3,7,6,2016.1.00297.S
3307,1,10,9,5,8,4,7,3,6,2017.1.00541.S
3317,1,10,9,5,8,4,7,3,6,2016.1.00517.S
3321,1,10,9,5,8,3,4,7,6,2021.2.00096.S
3329,1,10,9,5,8,4,7,6,3,2016.1.00596.S
3335,1,10,9,5,8,4,3,7,6,2016.1.00761.S
3340,1,10,9,5,8,4,7,6,3,2021.2.00121.S
3344,1,10,9,5,8,4,3,7,6,2011.0.00259.S
3362,1,10,9,5,8,4,7,6,3,2022.1.01705.S
3378,1,10,9,5,8,4,7,3,6,2016.1.00924.S
3386,1,10,9,5,8,4,7,3,6,2021.1.01567.V
3390,1,10,9,5,8,4,7,3,6,2021.A.00020.S
3406,1,10,9,5,8,4,3,7,6,2012.1.00536.S
3414,1,10,9,5,8,4,3,6,7,2019.1.01337.S
3415,1,10,9,5,8,4,6,3,7,2013.1.00196.S
3420,1,10,9,5,8,4,7,3,6,2013.1.00308.S
3428,1,10,9,5,8,4,7,3,6,2021.1.00776.S
3440,1,10,9,5,8,4,3,7,6,2016.1.01456.S
3443,1,10,9,5,8,4,7,3,6,2013.1.00122.S
3447,1,10,9,5,4,8,7,6,3,2021.1.01323.S
3455,1,10,9,5,8,4,7,3,6,2017.1.01249.S
3459,1,10,9,5,8,4,7,6,3,2016.2.00147.S
3464,1,10,9,5,8,4,7,6,3,2015.1.00294.S
3468,1,10,9,5,4,8,7,3,6,2016.1.01285.S
3476,1,10,9,5,8,4,3,7,6,2022.1.01695.S
3484,1,10,9,5,8,4,7,6,3,2016.1.00862.T
3487,1,10,9,5,8,4,7,6,3,2015.1.00228.S
3492,1,10,9,8,5,4,3,6,7,2018.1.01276.S
3506,1,10,9,5,8,4,7,3,6,2015.1.00326.S
3511,1,10,9,5,8,4,7,3,6,2019.1.01272.S
3515,1,10,8,9,5,4,3,6,7,2011.0.00727.S
3523,1,10,9,5,8,4,3,7,6,2015.1.00190.S
3529,1,10,9,5,8,4,7,6,3,2011.0.00467.S
3545,1,10,9,5,8,4,7,3,6,2022.1.00853.V
3549,1,10,9,5,8,4,3,7,6,2015.1.01415.S
3554,1,10,9,5,8,4,7,6,3,2017.1.01020.S
3566,1,10,5,9,4,8,7,3,6,2017.1.00797.V
3570,1,10,9,5,8,4,7,3,6,2018.1.01123.S
3573,1,10,9,5,8,4,7,6,3,2017.1.00433.S
3577,1,10,9,5,8,4,7,3,6,2017.1.01647.S
3589,1,10,9,5,8,4,3,6,7,2021.1.01058.S
3597,1,10,9,8,5,4,6,3,7,2023.1.00737.S
3611,1,10,9,5,8,4,7,3,6,2017.1.01280.S
3621,1,10,9,5,8,4,3,7,6,2013.1.00694.S
3630,1,10,9,5,8,4,7,3,6,2018.1.00312.S
3638,1,10,9,5,8,4,7,6,3,2016.1.00935.S
3642,1,10,9,8,5,4,3,7,6,2017.1.01174.S
3667,1,10,9,5,8,4,7,3,6,2013.1.01307.S
3671,1,10,9,5,8,4,3,6,7,2021.1.01034.S
3675,1,10,9,5,8,7,3,4,6,2015.1.00150.S
3681,1,10,9,5,8,4,3,7,6,2021.1.00214.S
3686,1,10,5,9,8,4,7,3,6,2015.1.00030.S
3688,1,10,9,5,8,4,7,3,6,2019.1.00271.S
3692,1,10,9,5,8,4,3,7,6,2016.1.00728.S
3693,1,10,9,5,8,4,3,6,7,2021.1.00844.S
3697,1,10,9,5,8,4,3,7,6,2022.1.01155.S
3721,1,10,9,5,4,8,6,7,3,2015.1.00883.S
3725,1,10,9,8,5,4,3,6,7,2017.1.00831.S
3729,1,10,9,5,4,8,3,7,6,2018.1.00633.S
3741,1,10,9,5,8,4,7,6,3,2018.1.01526.S
3743,1,10,9,5,8,4,3,7,6,2022.A.00035.S
3748,1,10,9,5,8,4,7,3,6,2019.2.00039.S
3750,1,10,9,5,8,4,7,3,6,2019.A.00017.S
3754,1,10,9,5,8,4,3,7,6,2019.1.00570.S
3760,1,10,9,5,8,4,3,7,6,2018.1.00024.S
3777,1,10,9,5,8,4,7,6,3,2018.1.01306.S
3781,1,10,9,5,8,4,7,6,3,2022.1.01392.S
3790,1,10,9,5,8,4,7,6,3,2017.1.00725.S
3791,1,10,5,9,8,4,3,6,7,2019.1.01138.S
3793,1,10,9,5,8,4,3,7,6,2016.1.01197.S
3797,1,10,5,9,8,4,3,7,6,2021.1.00046.S
3803,1,10,9,5,8,7,4,6,3,2022.1.00604.S
3824,1,10,9,5,8,4,3,7,6,2016.1.00711.S
3828,1,10,9,5,8,4,3,7,6,2018.1.00799.S
3839,1,10,9,5,8,3,4,6,7,2021.1.01364.S
3859,1,10,5,9,8,4,7,3,6,2022.1.01055.V
3880,1,10,9,5,8,4,7,6,3,2021.1.00838.S
3886,1,10,9,5,8,4,7,3,6,2016.1.01141.S
3893,1,10,9,5,8,4,3,7,6,2023.1.00098.S
3899,1,10,9,5,8,4,7,6,3,2015.1.01161.S
3911,1,10,9,5,4,8,7,6,3,2017.1.00006.S
3915,1,10,9,5,8,4,7,3,6,2016.1.01279.S
3935,1,10,9,5,8,4,7,6,3,2021.1.00815.S
3955,1,10,9,5,8,4,7,6,3,2021.1.01002.S
3956,1,10,9,5,8,4,3,7,6,2012.1.00122.S
3962,1,10,9,5,8,4,7,6,3,2022.1.00972.S
3982,1,10,9,5,8,4,7,3,6,2018.1.00285.S
3984,1,10,9,5,8,4,7,6,3,2013.1.00271.S
3988,1,10,9,5,8,4,3,7,6,2017.1.00178.S
3997,1,10,9,8,5,4,3,7,6,2015.1.00186.S
4000,1,10,9,5,8,4,7,3,6,2018.1.00520.S
4004,1,10,9,5,8,4,7,6,3,2023.1.00734.S
4012,1,10,9,5,8,4,3,6,7,2015.1.00979.S
4013,1,10,9,5,8,4,3,6,7,2016.1.01304.T
4017,1,10,9,5,8,4,7,6,3,2016.1.00450.S
4019,1,10,9,5,8,4,7,3,6,2021.2.00017.S
4023,1,10,9,5,8,4,7,6,3,2018.1.01106.S
4024,1,10,9,5,8,4,7,3,6,2022.1.01173.S
4032,1,10,9,5,8,4,7,3,6,2019.1.01030.S
4033,1,10,9,5,8,4,7,3,6,2017.1.00277.S
4036,1,10,9,5,8,4,7,3,6,2015.1.00650.S
4042,1,10,9,5,4,8,7,3,6,2015.1.00597.S
4044,1,10,9,5,8,4,7,6,3,2015.1.00212.S
4048,1,10,9,5,8,4,7,6,3,2011.0.00525.S
4064,1,10,9,5,8,4,7,6,3,2021.1.00988.S
4070,1,10,9,5,8,4,7,3,6,2021.1.00181.S
4074,1,10,9,5,8,4,3,7,6,2023.1.01149.S
4088,1,10,9,8,5,4,3,7,6,2015.1.00296.S
4097,1,10,9,5,8,4,3,6,7,2013.1.01070.S
4105,1,10,9,5,8,4,7,6,3,2018.1.01056.S
4106,1,10,9,5,8,4,7,6,3,2019.1.01238.S
4118,1,10,9,5,8,4,3,7,6,2015.1.00048.S
4124,1,10,9,5,8,4,3,7,6,2018.1.00427.S
4130,1,10,9,5,8,4,3,7,6,2016.1.01453.S
4146,1,10,9,5,8,4,3,6,7,2018.1.01774.S
4151,1,10,5,9,4,8,7,3,6,2019.1.00746.S
4155,1,10,5,9,8,4,7,3,6,2016.1.00375.S
4163,1,10,9,5,8,4,7,6,3,2017.1.00258.S
4178,1,10,9,5,8,4,7,6,3,2011.0.00648.S
4192,1,10,9,5,8,4,3,7,6,2022.1.00114.S
4196,1,10,9,5,8,4,7,3,6,2018.1.00294.S
4213,1,10,9,5,8,4,7,6,3,2013.1.00911.S
4223,1,10,9,5,4,8,7,6,3,2021.1.01545.S
4235,1,10,9,5,8,4,3,7,6,2022.1.01132.S
4240,1,10,9,5,8,4,7,3,6,2012.1.00762.S
4257,1,10,9,5,8,4,7,3,6,2018.1.01594.S
4265,1,10,9,5,8,4,7,3,6,2015.1.00187.S
4273,1,10,9,5,8,4,7,6,3,2013.1.00259.S
4277,1,10,9,5,8,4,7,6,3,2012.1.00973.S
4282,1,10,9,5,8,4,7,6,3,2018.1.00692.S
4286,1,10,9,5,8,4,7,6,3,2015.1.00993.S
4298,1,10,9,5,8,4,7,3,6,2016.1.01173.S
4303,1,10,9,5,8,4,7,6,3,2012.1.00133.S
4315,1,10,9,5,8,4,3,7,6,2016.1.01541.S
4335,1,10,9,5,8,4,7,3,6,2015.1.01253.S
4349,1,10,9,5,8,4,7,6,3,2021.1.01535.S
4364,1,10,9,5,8,4,7,3,6,2015.1.01158.S
4369,1,10,9,5,8,4,3,7,6,2022.1.01531.S
4375,1,10,9,8,5,4,3,7,6,2013.1.01102.S
4400,1,10,9,5,8,4,7,6,3,2018.1.00543.S
4402,1,10,9,5,8,4,3,7,6,2017.1.01444.S
4408,1,10,9,5,8,4,7,6,3,2015.1.00851.S
4412,1,10,9,5,8,4,7,3,6,2019.1.01509.S
4420,1,10,5,9,8,4,3,7,6,2022.1.01058.S
4424,1,10,9,5,8,4,3,7,6,2015.1.00392.S
4425,1,10,9,5,8,4,3,7,6,2021.1.00273.S
4441,1,10,9,5,8,4,7,6,3,2019.1.01804.S
4452,1,10,9,5,8,4,7,3,6,2016.1.00766.S
4462,1,10,9,5,8,4,7,6,3,2016.2.00133.S
4480,1,10,9,5,8,4,3,6,7,2013.1.00487.S
4481,1,10,9,5,8,4,7,3,6,2012.1.00304.S
4485,1,10,9,5,8,4,7,6,3,2021.1.00960.S
4489,1,10,9,5,8,4,3,7,6,2021.1.01366.S
4501,1,10,9,5,8,4,7,6,3,2015.1.01559.S
4509,1,10,9,5,4,8,7,3,6,2019.1.01778.S
4521,1,10,9,5,8,4,3,6,7,2013.1.00523.S
4522,1,10,9,5,8,4,7,6,3,2018.1.01605.S
4523,1,10,9,5,8,4,3,7,6,2011.0.00236.S
4528,1,10,9,5,4,8,7,3,6,2021.2.00164.S
4539,1,10,9,5,8,4,7,3,6,2011.0.00199.S
4547,1,10,9,5,8,4,3,7,6,2016.1.01147.S
4555,1,10,9,8,5,3,4,7,6,2016.1.01206.S
4564,1,10,9,5,8,4,3,7,6,2022.1.01558.S
4572,1,10,9,5,8,4,7,3,6,2013.1.00828.S
4573,1,10,9,5,8,4,7,6,3,2017.1.01093.S
4596,1,10,9,5,8,4,7,3,6,2013.1.01037.S
4600,1,10,9,5,8,4,3,7,6,2011.0.00396.S
4604,1,10,9,5,8,4,7,6,3,2011.0.00964.S
4608,1,10,9,5,8,4,3,7,6,2023.1.00340.S
4615,1,10,9,5,8,4,7,6,3,2018.1.00135.S
4624,1,10,9,5,8,4,7,3,6,2021.1.00800.S
4628,1,10,9,5,8,4,7,6,3,2015.1.00175.S
4636,1,10,9,5,8,4,7,6,3,2013.1.00146.S
4656,1,10,9,8,5,4,3,7,6,2021.1.00982.S
4678,1,10,9,5,8,4,3,6,7,2015.1.00686.S
4681,1,10,9,5,8,4,3,7,6,2019.2.00230.S
4682,1,10,9,5,8,4,7,6,3,2022.1.01644.S
4694,1,10,9,5,8,4,3,7,6,2023.1.01245.S
4708,1,10,9,5,8,4,3,7,6,2015.1.00041.S
4711,1,10,9,5,8,4,3,6,7,2021.1.00403.S
4712,1,10,9,5,8,4,3,7,6,2021.1.00860.T
4729,1,10,9,5,4,6,3,7,8,2018.1.00187.S
4737,1,10,5,9,8,4,3,7,6,2021.1.00994.S
4740,1,10,9,8,5,4,3,7,6,2021.1.00452.S
4760,1,10,9,5,8,4,7,6,3,2019.1.00853.S
4764,1,10,9,5,8,4,3,6,7,2018.1.01309.S
4765,1,10,9,5,8,4,7,3,6,2015.1.00695.S
4769,1,10,5,9,8,4,3,7,6,2016.1.01344.S
4771,1,10,9,5,8,4,7,3,6,2015.1.00449.S
4792,1,10,9,5,8,4,7,6,3,2015.1.01014.S
4809,1,10,9,5,8,4,3,7,6,2015.1.00637.S
4812,1,10,9,5,8,4,3,7,6,2016.2.00088.S
4814,1,10,9,5,8,4,3,7,6,2019.1.01320.S
4816,1,10,9,5,8,4,7,3,6,2015.1.01105.S
4821,1,10,9,5,8,4,7,3,6,2021.1.00783.S
4829,1,10,9,5,8,4,3,7,6,2017.1.01413.S
4837,1,10,9,5,8,4,7,3,6,2012.1.00882.S
4853,1,10,9,5,4,8,7,3,6,2015.1.00086.S
4861,1,10,9,5,8,4,7,3,6,2021.1.00769.S
4865,1,10,9,5,8,4,7,3,6,2022.1.01651.S
4879,1,10,9,5,8,4,7,3,6,2015.1.00860.S
4881,1,10,9,5,8,4,3,7,6,2016.1.00052.S
4884,1,10,9,5,8,4,7,6,3,2018.1.00974.S
4886,1,10,9,8,5,4,7,6,3,2017.1.01149.S
4896,1,10,9,5,8,4,3,7,6,2022.1.00216.S
4919,1,10,9,5,4,8,3,6,7,2022.1.00012.S
4935,1,10,9,5,8,4,7,6,3,2015.1.00625.S
4938,1,10,9,5,8,4,7,3,6,2022.1.00810.S
4940,1,10,9,5,8,4,6,3,7,2016.1.00777.S
4960,1,10,9,5,8,4,3,6,7,2018.1.00581.S
4968,1,10,9,5,8,4,7,3,6,2013.1.00096.S
4971,1,10,5,9,8,4,6,3,7,2015.1.00016.S
4975,1,10,9,5,8,4,7,6,3,2015.1.00019.S
4979,1,10,9,5,4,8,3,7,6,2019.1.01603.S
4980,1,10,9,5,8,4,7,3,6,2023.1.01710.S
4983,1,10,9,5,8,4,3,7,6,2017.1.00938.S
4988,1,10,9,5,4,8,7,3,6,2013.1.00433.S
4990,1,10,9,5,8,4,7,6,3,2017.1.01052.S
4992,1,10,9,5,8,4,7,6,3,2018.1.00804.S
5010,1,10,9,3,4,8,5,6,7,2019.2.00249.S
5014,1,10,9,5,8,4,3,7,6,2015.1.00502.S
5018,1,10,9,5,8,4,3,7,6,2021.1.00341.S
5044,1,10,9,5,8,4,7,6,3,2017.1.01176.S
5054,1,10,9,5,8,4,7,6,3,2023.1.01326.S
5058,1,10,9,5,8,4,7,3,6,2022.1.00664.S
5076,1,10,9,5,8,4,3,7,6,2016.1.01537.S
5086,1,10,9,5,8,4,3,7,6,2022.1.01460.S
5090,1,10,9,5,8,4,3,7,6,2016.1.01284.S
5101,1,10,9,5,8,4,3,7,6,2012.1.00496.S
5109,1,10,9,5,8,4,7,3,6,2021.1.01197.S
5125,1,10,9,5,8,4,7,3,6,2016.1.00643.S
5130,1,10,9,5,8,4,7,3,6,2015.1.01395.S
5131,1,10,9,5,8,4,7,6,3,2016.1.00132.S
5138,1,10,9,5,8,4,7,3,6,2015.1.01363.S
5150,1,10,5,9,8,4,7,3,6,2022.1.01268.V
5158,1,10,5,9,8,4,7,6,3,2017.1.01185.S
5162,1,10,9,8,5,4,3,6,7,2016.1.00426.S
5174,1,10,9,5,8,4,7,6,3,2017.1.00271.S
5178,1,10,9,5,8,4,3,7,6,2019.1.01639.S
5184,1,10,9,5,8,4,3,7,6,2012.1.00857.S
5187,1,10,9,5,8,4,7,3,6,2013.1.00525.S
5199,1,10,9,5,8,4,7,6,3,2018.1.01142.S
5205,1,10,9,5,8,4,7,6,3,2018.1.00473.S
5225,1,10,9,5,4,8,7,3,6,2019.2.00044.S
5229,1,10,9,5,8,4,7,3,6,2019.1.01031.S
5251,1,10,9,5,8,4,7,3,6,2019.1.00008.S
5253,1,10,9,5,8,4,3,7,6,2013.1.00437.S
5256,1,10,9,5,8,4,7,3,6,2022.1.01220.S
5260,1,10,9,5,8,4,3,7,6,2017.1.01401.S
5264,1,10,9,5,4,8,7,3,6,2018.1.01559.S
5265,1,10,5,9,4,8,3,7,6,2013.1.01202.S
5273,1,10,9,5,8,4,3,7,6,2022.1.00477.S
5292,1,10,9,5,8,4,7,3,6,2021.1.00347.S
5298,1,10,9,5,8,4,7,3,6,2013.1.01241.S
5300,1,10,9,5,8,4,7,6,3,2018.1.00663.S
5304,1,10,9,5,8,4,3,7,6,2012.1.00781.S
5330,1,10,9,5,8,4,7,6,3,2021.1.00327.S
5336,1,10,9,8,5,4,3,6,7,2019.2.00178.S
5341,1,10,9,5,8,4,3,7,6,2015.1.00500.S
5346,1,10,9,5,8,4,7,3,6,2012.1.00932.S
5350,1,10,9,5,8,4,3,7,6,2013.1.00518.S
5358,1,10,9,5,8,4,3,7,6,2022.1.01536.S
5375,1,10,9,8,5,4,3,6,7,2013.1.00114.S
5384,1,10,9,5,8,4,7,3,6,2019.1.00183.V
5388,1,10,9,5,8,4,7,3,6,2016.1.01010.S
5391,1,10,5,9,8,4,3,7,6,2015.1.01003.S
5396,1,10,9,5,8,4,7,6,3,2016.1.01090.S
5401,1,10,9,5,8,4,3,7,6,2021.1.00531.S
5409,1,10,9,5,8,4,7,6,3,2013.1.00740.S
5417,1,10,9,5,8,4,7,3,6,2019.2.00125.S
5418,1,10,9,5,8,4,3,7,6,2016.1.00608.S
5420,1,10,9,5,8,4,7,6,3,2021.1.00075.S
5424,1,10,9,5,8,4,3,7,6,2023.1.00681.S
5436,1,10,9,5,8,4,7,6,3,2019.1.00156.S
5448,1,10,9,5,8,4,7,6,3,2021.1.00547.S
5460,1,10,5,9,8,4,7,3,6,2016.1.01236.S
5463,1,10,9,5,8,4,7,6,3,2011.0.00064.S
5471,1,10,9,5,8,4,7,6,3,2015.1.01289.S
5477,1,10,9,5,8,4,7,6,3,2021.2.00056.S
5485,1,10,9,5,8,4,3,6,7,2019.1.00327.S
5489,1,10,9,5,8,4,7,3,6,2013.1.00803.S
5504,1,10,9,5,8,4,7,6,3,2016.1.00694.S
5508,1,10,9,5,8,4,3,7,6,2019.1.01701.S
5509,1,10,9,8,5,4,3,7,6,2019.1.00171.S
5516,1,10,9,5,8,4,7,3,6,2022.1.01626.S
5518,1,10,9,8,5,4,3,7,6,2012.1.00698.S
5522,1,10,9,5,8,4,3,7,6,2019.1.01710.S
5528,1,10,9,5,8,4,3,7,6,2016.1.00938.T
5536,1,10,9,5,8,4,7,3,6,2013.1.00149.S
5542,1,10,9,5,8,4,7,6,3,2012.1.00952.S
5545,1,10,9,5,4,8,7,6,3,2015.1.01133.S
5557,1,10,9,5,8,4,3,7,6,2022.1.01660.S
5567,1,10,9,5,8,4,7,6,3,2012.1.00039.S
5573,1,10,9,5,8,4,3,7,6,2018.1.01208.S
5577,1,10,9,5,8,4,3,7,6,2021.1.01705.S
5582,1,10,9,5,8,4,3,6,7,2019.1.00837.S
5584,1,10,9,5,8,4,3,6,7,2015.1.01471.S
5592,1,10,9,5,8,4,7,3,6,2016.1.01223.S
5598,1,10,9,5,8,4,3,7,6,2016.1.00583.S
5602,1,10,5,9,8,4,3,6,7,2022.1.01742.S
5607,1,10,9,5,8,4,7,6,3,2021.2.00079.S
5623,1,10,9,5,8,4,7,3,6,2022.1.01270.S
5638,1,10,9,8,5,4,3,7,6,2017.1.01056.S
5643,1,10,9,5,4,8,7,6,3,2012.1.00105.S
5645,1,10,9,5,8,4,7,6,3,2019.1.01615.S
5648,1,10,9,5,8,4,3,7,6,2022.1.00834.S
5652,1,10,9,5,8,4,3,7,6,2019.1.00097.S
5655,1,10,5,9,8,4,3,6,7,2022.1.00887.S
5659,1,10,9,5,8,4,7,3,6,2016.1.00620.S
5667,1,10,9,5,8,4,7,3,6,2018.A.00022.S
5668,1,10,8,9,5,4,3,6,7,2015.1.01599.S
5670,1,10,9,5,8,4,7,6,3,2021.1.00869.L
5676,1,10,9,5,8,4,7,6,3,2015.1.00942.S
5684,1,10,9,5,8,4,7,6,3,2012.1.00919.S
5687,1,10,9,5,8,4,7,3,6,2016.1.00595.S
5700,1,10,9,8,5,4,3,7,6,2016.1.01019.S
5702,1,10,9,8,5,4,7,3,6,2016.1.00074.S
5722,1,10,9,5,8,4,7,6,3,2019.2.00133.S
5728,1,10,9,5,8,4,7,6,3,2023.1.00991.S
5734,1,10,9,5,8,4,7,3,6,2018.A.00055.S
5738,1,10,9,5,8,4,3,7,6,2019.1.00711.S
5740,1,10,9,5,8,4,3,7,6,2019.1.00475.S
5752,1,10,9,5,4,8,7,3,6,2021.1.00739.S
5759,1,10,9,5,8,4,7,3,6,2023.1.01643.S
5772,1,10,9,8,5,4,3,7,6,2017.A.00042.T
5775,1,10,9,5,8,4,7,3,6,2016.1.01239.S
5784,1,10,9,5,8,4,7,3,6,2018.1.00876.S
5788,1,10,9,5,8,4,7,6,3,2021.2.00159.S
5792,1,10,9,5,8,4,3,7,6,2022.1.01635.S
5796,1,10,9,5,8,4,7,6,3,2018.1.00486.S
5802,1,10,5,9,8,4,3,7,6,2013.1.01058.S
5815,1,10,9,5,8,4,3,6,7,2016.1.00004.S
5833,1,10,9,5,8,4,7,6,3,2017.1.00935.S
5839,1,10,9,5,8,4,7,6,3,2018.1.00216.S
5843,1,10,9,5,8,4,3,6,7,2017.1.00561.S
