Project code,line_cont,label
2011.0.00001.E,-1,0
2011.0.00001.SV,1,1
2011.0.00002.E,-1,0
2011.0.00002.SV,-1,0
2011.0.00003.SV,1,1
2011.0.00004.E,1,1
2011.0.00004.SV,1,1
2011.0.00005.E,-1,0
2011.0.00005.SV,1,1
2011.0.00006.E,0,1
2011.0.00006.SV,-1,0
2011.0.00007.SV,2,1
2011.0.00008.E,-1,0
2011.0.00008.SV,1,1
2011.0.00009.SV,1,1
2011.0.00010.S,2,1
2011.0.00010.SV,1,1
2011.0.00011.SV,2,1
2011.0.00012.SV,1,1
2011.0.00013.SV,-1,0
2011.0.00014.SV,0,1
2011.0.00015.SV,-2,0
2011.0.00016.SV,0,1
2011.0.00017.S,1,1
2011.0.00017.SV,-1,0
2011.0.00020.S,2,1
2011.0.00028.S,1,1
2011.0.00034.S,-1,0
2011.0.00039.S,1,1
2011.0.00046.S,1,1
2011.0.00059.S,1,1
2011.0.00061.S,2,1
2011.0.00064.S,1,1
2011.0.00083.S,2,1
2011.0.00084.S,1,1
2011.0.00087.S,1,1
2011.0.00097.S,-1,0
2011.0.00099.S,1,1
2011.0.00101.S,-1,0
2011.0.00108.S,2,1
2011.0.00115.S,1,1
2011.0.00120.S,1,1
2011.0.00121.S,1,1
2011.0.00124.S,1,1
2011.0.00130.S,-1,0
2011.0.00131.S,3,1
2011.0.00133.S,1,1
2011.0.00136.S,1,1
2011.0.00142.S,-1,0
2011.0.00150.S,2,1
2011.0.00170.S,2,1
2011.0.00172.S,1,1
2011.0.00175.S,-2,0
2011.0.00182.S,-1,0
2011.0.00191.S,1,1
2011.0.00199.S,-1,0
2011.0.00206.S,-2,0
2011.0.00208.S,1,1
2011.0.00210.S,1,1
2011.0.00217.S,1,1
2011.0.00223.S,2,1
2011.0.00229.S,2,1
2011.0.00232.S,1,1
2011.0.00236.S,1,1
2011.0.00243.S,-1,0
2011.0.00259.S,2,1
2011.0.00268.S,1,1
2011.0.00273.S,0,1
2011.0.00275.S,1,1
2011.0.00277.S,1,1
2011.0.00294.S,-1,0
2011.0.00307.S,2,1
2011.0.00318.S,1,1
2011.0.00319.S,1,1
2011.0.00320.S,1,1
2011.0.00340.S,1,1
2011.0.00348.S,1,1
2011.0.00351.S,1,1
2011.0.00367.S,1,1
2011.0.00374.S,2,1
2011.0.00396.S,1,1
2011.0.00397.S,-1,0
2011.0.00399.S,1,1
2011.0.00403.S,-1,0
2011.0.00405.S,3,1
2011.0.00419.S,1,1
2011.0.00429.S,1,1
2011.0.00454.S,1,1
2011.0.00465.S,3,1
2011.0.00467.S,2,1
2011.0.00469.S,1,1
2011.0.00470.S,1,1
2011.0.00471.S,2,1
2011.0.00474.S,1,1
2011.0.00476.S,2,1
2011.0.00497.S,4,1
2011.0.00510.S,2,1
2011.0.00511.S,3,1
2011.0.00524.S,1,1
2011.0.00525.S,2,1
2011.0.00526.S,1,1
2011.0.00531.S,1,1
2011.0.00539.S,-1,0
2011.0.00548.S,1,1
2011.0.00604.S,2,1
2011.0.00611.S,1,1
2011.0.00612.S,1,1
2011.0.00619.S,1,1
2011.0.00628.S,1,1
2011.0.00629.S,1,1
2011.0.00635.S,1,1
2011.0.00645.S,1,1
2011.0.00647.S,2,1
2011.0.00648.S,1,1
2011.0.00652.S,-2,0
2011.0.00656.S,2,1
2011.0.00661.S,1,1
2011.0.00716.S,-1,0
2011.0.00724.S,1,1
2011.0.00725.S,-1,0
2011.0.00727.S,1,1
2011.0.00733.S,2,1
2011.0.00735.S,1,1
2011.0.00742.S,-1,0
2011.0.00747.S,-1,0
2011.0.00750.S,1,1
2011.0.00754.S,-4,0
2011.0.00767.S,-1,0
2011.0.00768.S,1,1
2011.0.00772.S,1,1
2011.0.00777.S,2,1
2011.0.00779.S,1,1
2011.0.00780.S,1,1
2011.0.00808.S,1,1
2011.0.00820.S,3,1
2011.0.00851.S,-2,0
2011.0.00863.S,1,1
2011.0.00876.S,1,1
2011.0.00887.S,-1,0
2011.0.00902.S,1,1
2011.0.00921.S,1,1
2011.0.00957.S,1,1
2011.0.00958.S,-1,0
2011.0.00964.S,1,1
2012.1.00001.S,0,1
2012.1.00008.S,0,1
2012.1.00012.S,1,1
2012.1.00013.S,1,1
2012.1.00019.S,0,1
2012.1.00031.S,0,1
2012.1.00033.S,1,1
2012.1.00034.S,1,1
2012.1.00037.S,1,1
2012.1.00039.S,1,1
2012.1.00046.S,-1,0
2012.1.00056.S,1,1
2012.1.00060.S,0,1
2012.1.00064.S,1,1
2012.1.00075.S,-1,0
2012.1.00076.S,-1,0
2012.1.00077.S,-1,0
2012.1.00080.S,1,1
2012.1.00088.S,0,1
2012.1.00090.S,-1,0
2012.1.00097.S,0,1
2012.1.00105.S,0,1
2012.1.00108.S,1,1
2012.1.00116.S,0,1
2012.1.00119.S,1,1
2012.1.00122.S,1,1
2012.1.00123.S,2,1
2012.1.00129.S,1,1
2012.1.00133.S,1,1
2012.1.00139.S,-3,0
2012.1.00142.S,0,1
2012.1.00146.S,1,1
2012.1.00158.S,1,1
2012.1.00165.S,2,1
2012.1.00173.S,-1,0
2012.1.00175.S,-1,0
2012.1.00178.S,1,1
2012.1.00182.S,1,1
2012.1.00185.S,0,1
2012.1.00187.S,1,1
2012.1.00193.S,0,1
2012.1.00195.S,0,1
2012.1.00196.S,0,1
2012.1.00198.S,0,1
2012.1.00208.S,0,1
2012.1.00219.S,0,1
2012.1.00225.S,3,1
2012.1.00229.S,0,1
2012.1.00238.S,-1,0
2012.1.00239.S,2,1
2012.1.00240.S,-2,0
2012.1.00242.S,-1,0
2012.1.00245.S,-1,0
2012.1.00248.S,1,1
2012.1.00261.S,1,1
2012.1.00268.S,-1,0
2012.1.00271.S,1,1
2012.1.00275.S,1,1
2012.1.00285.S,1,1
2012.1.00293.S,0,1
2012.1.00303.S,0,1
2012.1.00304.S,1,1
2012.1.00306.S,0,1
2012.1.00307.S,-1,0
2012.1.00313.S,1,1
2012.1.00317.S,3,1
2012.1.00320.S,1,1
2012.1.00323.S,2,1
2012.1.00326.S,-1,0
2012.1.00332.S,1,1
2012.1.00333.S,0,1
2012.1.00334.S,-3,0
2012.1.00335.S,1,1
2012.1.00336.S,0,1
2012.1.00346.S,1,1
2012.1.00350.S,1,1
2012.1.00352.S,1,1
2012.1.00357.S,0,1
2012.1.00366.S,0,1
2012.1.00368.S,2,1
2012.1.00374.S,1,1
2012.1.00377.S,3,1
2012.1.00382.S,0,1
2012.1.00385.S,0,1
2012.1.00387.S,1,1
2012.1.00391.S,-1,0
2012.1.00394.S,0,1
2012.1.00395.S,1,1
2012.1.00400.S,1,1
2012.1.00402.S,0,1
2012.1.00413.S,0,1
2012.1.00422.S,0,1
2012.1.00423.S,1,1
2012.1.00426.S,-1,0
2012.1.00435.S,1,1
2012.1.00437.S,0,1
2012.1.00441.S,1,1
2012.1.00453.S,2,1
2012.1.00456.S,1,1
2012.1.00463.S,-2,0
2012.1.00469.S,1,1
2012.1.00474.S,0,1
2012.1.00479.S,1,1
2012.1.00482.S,-1,0
2012.1.00496.S,0,1
2012.1.00498.S,0,1
2012.1.00501.S,1,1
2012.1.00522.S,0,1
2012.1.00523.S,-1,0
2012.1.00524.S,1,1
2012.1.00532.S,0,1
2012.1.00536.S,1,1
2012.1.00538.S,0,1
2012.1.00539.S,0,1
2012.1.00542.S,1,1
2012.1.00543.S,1,1
2012.1.00550.S,1,1
2012.1.00554.S,2,1
2012.1.00564.S,2,1
2012.1.00566.S,2,1
2012.1.00581.S,1,1
2012.1.00584.T,-3,0
2012.1.00596.S,-1,0
2012.1.00602.S,0,1
2012.1.00603.S,1,1
2012.1.00604.S,-2,0
2012.1.00608.S,-1,0
2012.1.00610.S,-2,0
2012.1.00611.S,0,1
2012.1.00619.S,-2,0
2012.1.00621.S,1,1
2012.1.00623.S,-1,0
2012.1.00628.T,3,1
2012.1.00631.S,1,1
2012.1.00635.S,0,1
2012.1.00640.S,1,1
2012.1.00641.S,0,1
2012.1.00647.S,0,1
2012.1.00650.S,0,1
2012.1.00657.S,1,1
2012.1.00661.S,0,1
2012.1.00671.S,1,1
2012.1.00676.S,-1,0
2012.1.00678.S,0,1
2012.1.00681.S,1,1
2012.1.00683.S,0,1
2012.1.00688.S,0,1
2012.1.00698.S,1,1
2012.1.00707.S,0,1
2012.1.00712.S,2,1
2012.1.00719.S,0,1
2012.1.00720.S,0,1
2012.1.00725.S,0,1
2012.1.00729.S,-3,0
2012.1.00743.S,0,1
2012.1.00756.S,-1,0
2012.1.00759.S,0,1
2012.1.00761.S,1,1
2012.1.00762.S,1,1
2012.1.00769.S,1,1
2012.1.00775.S,-2,0
2012.1.00781.S,1,1
2012.1.00784.S,2,1
2012.1.00786.S,1,1
2012.1.00789.S,1,1
2012.1.00797.S,-1,0
2012.1.00799.S,1,1
2012.1.00812.S,1,1
2012.1.00817.S,1,1
2012.1.00826.S,1,1
2012.1.00837.S,0,1
2012.1.00844.S,1,1
2012.1.00853.S,1,1
2012.1.00857.S,0,1
2012.1.00869.S,-1,0
2012.1.00870.S,0,1
2012.1.00875.T,-1,0
2012.1.00882.S,1,1
2012.1.00885.S,-1,0
2012.1.00900.S,-1,0
2012.1.00912.S,0,1
2012.1.00915.S,1,1
2012.1.00919.S,0,1
2012.1.00932.S,1,1
2012.1.00934.S,1,1
2012.1.00940.S,0,1
2012.1.00941.S,-3,0
2012.1.00945.S,1,1
2012.1.00952.S,1,1
2012.1.00953.S,-1,0
2012.1.00955.S,-3,0
2012.1.00962.S,1,1
2012.1.00973.S,0,1
2012.1.00978.S,0,1
2012.1.00979.S,-1,0
2012.1.00983.S,-1,0
2012.1.00984.S,0,1
2012.1.00988.S,1,1
2012.1.00989.S,-1,0
2012.1.00993.S,-1,0
2012.1.00994.S,1,1
2012.1.00997.S,1,1
2012.1.01000.S,1,1
2012.1.01004.S,0,1
2012.1.01011.S,2,1
2012.1.01012.S,-1,0
2012.1.01020.S,-2,0
2012.1.01022.S,1,1
2012.1.01029.S,-2,0
2012.1.01069.S,0,1
2012.1.01080.S,0,1
2012.1.01087.S,1,1
2012.1.01092.S,1,1
2012.1.01099.S,-1,0
2012.1.01108.S,0,1
2012.1.01111.S,1,1
2012.1.01123.S,1,1
2012.A.00020.S,1,1
2012.A.00028.S,-1,0
2012.A.00033.S,1,1
2012.A.00040.S,1,1
2012.A.00041.S,-1,0
2013.1.00001.S,-1,0
2013.1.00014.S,0,1
2013.1.00018.S,0,1
2013.1.00020.S,4,1
2013.1.00021.S,0,1
2013.1.00025.S,0,1
2013.1.00031.S,0,1
2013.1.00032.S,2,1
2013.1.00033.S,2,1
2013.1.00034.S,-2,0
2013.1.00039.S,1,1
2013.1.00041.S,0,1
2013.1.00047.S,-1,0
2013.1.00048.S,2,1
2013.1.00049.S,1,1
2013.1.00053.S,-1,0
2013.1.00055.S,2,1
2013.1.00058.S,0,1
2013.1.00059.S,1,1
2013.1.00060.S,1,1
2013.1.00061.S,0,1
2013.1.00063.S,-2,0
2013.1.00070.S,1,1
2013.1.00071.S,1,1
2013.1.00073.S,0,1
2013.1.00087.S,1,1
2013.1.00088.S,-1,0
2013.1.00091.S,0,1
2013.1.00092.S,0,1
2013.1.00096.S,0,1
2013.1.00099.S,1,1
2013.1.00100.S,3,1
2013.1.00103.S,0,1
2013.1.00105.S,0,1
2013.1.00111.S,0,1
2013.1.00114.S,1,1
2013.1.00115.S,1,1
2013.1.00116.S,-1,0
2013.1.00118.S,-1,0
2013.1.00120.S,2,1
2013.1.00122.S,0,1
2013.1.00126.S,1,1
2013.1.00139.S,2,1
2013.1.00146.S,1,1
2013.1.00149.S,1,1
2013.1.00151.S,-1,0
2013.1.00152.S,-1,0
2013.1.00156.S,2,1
2013.1.00157.S,-1,0
2013.1.00159.S,1,1
2013.1.00162.S,-1,0
2013.1.00163.S,0,1
2013.1.00164.S,1,1
2013.1.00165.S,1,1
2013.1.00166.S,1,1
2013.1.00170.S,-6,0
2013.1.00171.S,1,1
2013.1.00179.S,1,1
2013.1.00180.S,0,1
2013.1.00183.S,1,1
2013.1.00186.S,0,1
2013.1.00187.S,0,1
2013.1.00188.S,2,1
2013.1.00191.S,2,1
2013.1.00192.S,0,1
2013.1.00195.S,-4,0
2013.1.00196.S,0,1
2013.1.00198.S,0,1
2013.1.00205.S,-1,0
2013.1.00208.S,-1,0
2013.1.00210.S,1,1
2013.1.00211.S,0,1
2013.1.00212.S,1,1
2013.1.00214.S,0,1
2013.1.00218.S,1,1
2013.1.00220.S,0,1
2013.1.00221.S,3,1
2013.1.00222.T,-2,0
2013.1.00226.S,1,1
2013.1.00227.S,1,1
2013.1.00229.S,0,1
2013.1.00231.S,-1,0
2013.1.00233.S,0,1
2013.1.00234.S,1,1
2013.1.00243.S,0,1
2013.1.00244.S,0,1
2013.1.00246.S,-1,0
2013.1.00247.S,1,1
2013.1.00248.S,1,1
2013.1.00250.S,-1,0
2013.1.00251.S,0,1
2013.1.00252.S,1,1
2013.1.00254.S,-1,0
2013.1.00259.S,1,1
2013.1.00260.S,1,1
2013.1.00262.S,0,1
2013.1.00266.S,1,1
2013.1.00269.S,1,1
2013.1.00271.S,0,1
2013.1.00273.S,2,1
2013.1.00276.S,1,1
2013.1.00278.S,1,1
2013.1.00279.S,1,1
2013.1.00280.S,-2,0
2013.1.00286.S,-1,0
2013.1.00287.S,1,1
2013.1.00291.S,0,1
2013.1.00293.S,-1,0
2013.1.00296.S,1,1
2013.1.00305.S,-1,0
2013.1.00308.S,1,1
2013.1.00312.S,0,1
2013.1.00319.S,0,1
2013.1.00327.S,1,1
2013.1.00328.S,3,1
2013.1.00331.S,1,1
2013.1.00332.S,1,1
2013.1.00338.S,0,1
2013.1.00346.S,0,1
2013.1.00349.S,1,1
2013.1.00350.S,0,1
2013.1.00351.S,0,1
2013.1.00352.S,0,1
2013.1.00355.S,-1,0
2013.1.00356.S,-1,0
2013.1.00358.S,-1,0
2013.1.00359.S,0,1
2013.1.00362.S,-1,0
2013.1.00366.S,0,1
2013.1.00367.S,0,1
2013.1.00368.S,1,1
2013.1.00374.S,0,1
2013.1.00376.S,1,1
2013.1.00379.S,3,1
2013.1.00385.S,-1,0
2013.1.00387.S,0,1
2013.1.00393.S,-1,0
2013.1.00395.S,0,1
2013.1.00397.S,0,1
2013.1.00403.S,0,1
2013.1.00404.S,1,1
2013.1.00417.S,0,1
2013.1.00426.S,0,1
2013.1.00428.S,0,1
2013.1.00432.S,1,1
2013.1.00433.S,0,1
2013.1.00437.S,0,1
2013.1.00446.S,0,1
2013.1.00448.S,0,1
2013.1.00449.S,-1,0
2013.1.00450.S,-1,0
2013.1.00457.S,0,1
2013.1.00458.S,2,1
2013.1.00459.S,0,1
2013.1.00462.S,-2,0
2013.1.00465.S,0,1
2013.1.00468.S,-1,0
2013.1.00469.S,2,1
2013.1.00470.S,1,1
2013.1.00474.S,0,1
2013.1.00481.S,0,1
2013.1.00486.S,-1,0
2013.1.00487.S,0,1
2013.1.00489.S,1,1
2013.1.00493.S,0,1
2013.1.00498.S,0,1
2013.1.00502.S,0,1
2013.1.00516.S,1,1
2013.1.00518.S,0,1
2013.1.00521.S,2,1
2013.1.00523.S,0,1
2013.1.00524.S,-1,0
2013.1.00525.S,1,1
2013.1.00526.S,-1,0
2013.1.00527.S,0,1
2013.1.00530.S,1,1
2013.1.00532.S,1,1
2013.1.00534.S,0,1
2013.1.00535.S,0,1
2013.1.00537.S,1,1
2013.1.00546.S,1,1
2013.1.00553.S,1,1
2013.1.00556.S,0,1
2013.1.00566.S,-1,0
2013.1.00568.S,-1,0
2013.1.00569.S,-1,0
2013.1.00576.S,2,1
2013.1.00582.S,1,1
2013.1.00584.S,1,1
2013.1.00586.S,0,1
2013.1.00588.S,1,1
2013.1.00591.S,1,1
2013.1.00592.S,0,1
2013.1.00600.S,0,1
2013.1.00601.S,0,1
2013.1.00602.S,1,1
2013.1.00612.S,0,1
2013.1.00615.S,1,1
2013.1.00617.S,1,1
2013.1.00618.S,0,1
2013.1.00623.S,-1,0
2013.1.00634.S,1,1
2013.1.00639.S,1,1
2013.1.00645.S,0,1
2013.1.00647.S,0,1
2013.1.00652.S,1,1
2013.1.00658.S,0,1
2013.1.00659.S,0,1
2013.1.00661.S,2,1
2013.1.00662.S,0,1
2013.1.00663.S,0,1
2013.1.00664.S,1,1
2013.1.00668.S,2,1
2013.1.00670.S,0,1
2013.1.00686.T,1,1
2013.1.00694.S,0,1
2013.1.00700.S,0,1
2013.1.00704.S,-1,0
2013.1.00708.S,0,1
2013.1.00710.S,0,1
2013.1.00718.S,1,1
2013.1.00722.S,2,1
2013.1.00724.S,-1,0
2013.1.00725.S,-1,0
2013.1.00726.S,-1,0
2013.1.00735.S,1,1
2013.1.00740.S,1,1
2013.1.00742.S,1,1
2013.1.00745.S,3,1
2013.1.00749.S,2,1
2013.1.00760.S,-1,0
2013.1.00764.S,-1,0
2013.1.00773.S,0,1
2013.1.00781.S,1,1
2013.1.00783.S,0,1
2013.1.00786.S,2,1
2013.1.00788.S,-3,0
2013.1.00798.S,0,1
2013.1.00803.S,0,1
2013.1.00806.S,1,1
2013.1.00812.S,1,1
2013.1.00813.S,1,1
2013.1.00814.S,1,1
2013.1.00815.S,-1,0
2013.1.00824.S,2,1
2013.1.00826.S,-1,0
2013.1.00828.S,0,1
2013.1.00832.S,0,1
2013.1.00833.S,0,1
2013.1.00834.S,1,1
2013.1.00836.S,1,1
2013.1.00839.S,0,1
2013.1.00843.S,-1,0
2013.1.00857.S,2,1
2013.1.00858.S,2,1
2013.1.00861.S,0,1
2013.1.00862.S,0,1
2013.1.00870.S,0,1
2013.1.00877.S,1,1
2013.1.00879.S,0,1
2013.1.00880.S,0,1
2013.1.00883.S,0,1
2013.1.00884.S,-1,0
2013.1.00885.S,0,1
2013.1.00889.S,1,1
2013.1.00897.S,-1,0
2013.1.00902.S,0,1
2013.1.00907.S,-1,0
2013.1.00911.S,0,1
2013.1.00914.S,1,1
2013.1.00916.S,0,1
2013.1.00922.S,0,1
2013.1.00937.S,0,1
2013.1.00940.S,2,1
2013.1.00941.S,-1,0
2013.1.00952.S,0,1
2013.1.00955.S,1,1
2013.1.00957.S,1,1
2013.1.00960.S,1,1
2013.1.00965.S,1,1
2013.1.00967.S,-3,0
2013.1.00973.S,1,1
2013.1.00976.S,-1,0
2013.1.00978.S,-1,0
2013.1.00988.S,1,1
2013.1.00989.S,-2,0
2013.1.00991.S,0,1
2013.1.00993.S,0,1
2013.1.00994.S,-1,0
2013.1.00999.S,1,1
2013.1.01004.S,0,1
2013.1.01010.S,2,1
2013.1.01013.S,-1,0
2013.1.01014.S,0,1
2013.1.01016.S,1,1
2013.1.01020.S,0,1
2013.1.01022.S,-1,0
2013.1.01029.S,0,1
2013.1.01031.S,0,1
2013.1.01034.S,0,1
2013.1.01035.S,0,1
2013.1.01037.S,0,1
2013.1.01041.S,0,1
2013.1.01042.S,1,1
2013.1.01046.S,0,1
2013.1.01051.S,-1,0
2013.1.01052.S,-2,0
2013.1.01057.S,2,1
2013.1.01058.S,1,1
2013.1.01061.S,0,1
2013.1.01064.S,0,1
2013.1.01065.S,0,1
2013.1.01070.S,0,1
2013.1.01075.S,0,1
2013.1.01086.S,0,1
2013.1.01091.S,2,1
2013.1.01099.S,3,1
2013.1.01102.S,1,1
2013.1.01110.S,-1,0
2013.1.01113.S,0,1
2013.1.01114.S,0,1
2013.1.01119.S,-2,0
2013.1.01136.S,1,1
2013.1.01142.S,-1,0
2013.1.01147.S,0,1
2013.1.01151.S,1,1
2013.1.01153.S,-1,0
2013.1.01155.S,0,1
2013.1.01157.S,1,1
2013.1.01161.S,1,1
2013.1.01165.S,1,1
2013.1.01166.S,0,1
2013.1.01167.S,3,1
2013.1.01172.S,2,1
2013.1.01173.S,-1,0
2013.1.01175.S,0,1
2013.1.01177.S,0,1
2013.1.01178.S,0,1
2013.1.01180.S,1,1
2013.1.01188.S,-2,0
2013.1.01192.S,1,1
2013.1.01193.S,0,1
2013.1.01194.S,0,1
2013.1.01195.S,0,1
2013.1.01200.S,0,1
2013.1.01202.S,2,1
2013.1.01204.S,1,1
2013.1.01207.S,0,1
2013.1.01213.S,0,1
2013.1.01214.S,-1,0
2013.1.01215.S,1,1
2013.1.01222.S,0,1
2013.1.01223.S,1,1
2013.1.01225.S,-2,0
2013.1.01230.S,-1,0
2013.1.01231.S,0,1
2013.1.01239.S,-1,0
2013.1.01241.S,0,1
2013.1.01242.S,2,1
2013.1.01255.S,-1,0
2013.1.01258.S,1,1
2013.1.01262.S,1,1
2013.1.01267.S,-1,0
2013.1.01268.S,0,1
2013.1.01271.S,0,1
2013.1.01282.S,-1,0
2013.1.01292.S,-1,0
2013.1.01299.S,-1,0
2013.1.01301.S,1,1
2013.1.01302.S,0,1
2013.1.01305.S,0,1
2013.1.01307.S,1,1
2013.1.01312.S,1,1
2013.1.01329.S,2,1
2013.1.01330.S,0,1
2013.1.01331.S,1,1
2013.1.01332.S,1,1
2013.1.01342.S,-1,0
2013.1.01358.S,-1,0
2013.1.01359.S,0,1
2013.1.01364.S,0,1
2013.1.01365.S,0,1
2013.1.01366.T,1,1
2013.1.01369.S,-1,0
2013.1.01380.S,-1,0
2013.1.01383.S,1,1
2013.1.01391.S,0,1
2013.1.01397.S,1,1
2013.A.00007.T,-1,0
2013.A.00014.S,-1,0
2013.A.00021.S,0,1
2013.A.00023.S,-3,0
2015.1.00001.CAL,1,1
2015.1.00003.S,2,1
2015.1.00007.S,2,1
2015.1.00016.S,1,1
2015.1.00019.S,1,1
2015.1.00022.S,0,1
2015.1.00023.S,0,1
2015.1.00024.S,1,1
2015.1.00025.S,-1,0
2015.1.00026.S,-2,0
2015.1.00027.S,2,1
2015.1.00028.S,2,1
2015.1.00030.S,0,1
2015.1.00032.S,0,1
2015.1.00035.S,1,1
2015.1.00037.S,-1,0
2015.1.00038.S,0,1
2015.1.00039.S,-1,0
2015.1.00040.S,2,1
2015.1.00041.S,0,1
2015.1.00042.S,1,1
2015.1.00048.S,1,1
2015.1.00054.S,0,1
2015.1.00055.S,-1,0
2015.1.00057.S,0,1
2015.1.00059.S,1,1
2015.1.00066.S,1,1
2015.1.00072.S,0,1
2015.1.00075.S,0,1
2015.1.00078.S,1,1
2015.1.00084.S,-1,0
2015.1.00086.S,0,1
2015.1.00089.S,0,1
2015.1.00091.S,0,1
2015.1.00094.S,0,1
2015.1.00098.S,-1,0
2015.1.00102.S,0,1
2015.1.00106.S,1,1
2015.1.00113.S,3,1
2015.1.00116.S,0,1
2015.1.00117.S,2,1
2015.1.00118.S,-1,0
2015.1.00121.S,1,1
2015.1.00122.S,1,1
2015.1.00126.S,1,1
2015.1.00131.S,-1,0
2015.1.00137.S,-2,0
2015.1.00139.S,0,1
2015.1.00141.S,1,1
2015.1.00144.S,2,1
2015.1.00147.S,1,1
2015.1.00149.S,1,1
2015.1.00150.S,1,1
2015.1.00152.S,0,1
2015.1.00167.S,2,1
2015.1.00168.S,1,1
2015.1.00169.S,1,1
2015.1.00175.S,1,1
2015.1.00182.S,0,1
2015.1.00183.S,1,1
2015.1.00186.S,0,1
2015.1.00187.S,0,1
2015.1.00188.S,0,1
2015.1.00190.S,0,1
2015.1.00192.S,0,1
2015.1.00196.S,0,1
2015.1.00199.S,3,1
2015.1.00200.S,0,1
2015.1.00204.S,-2,0
2015.1.00206.S,1,1
2015.1.00207.S,-1,0
2015.1.00212.S,1,1
2015.1.00217.S,0,1
2015.1.00220.S,0,1
2015.1.00222.S,0,1
2015.1.00223.S,1,1
2015.1.00224.S,0,1
2015.1.00228.S,0,1
2015.1.00230.S,0,1
2015.1.00235.S,0,1
2015.1.00241.S,2,1
2015.1.00242.S,-1,0
2015.1.00243.S,-1,0
2015.1.00250.S,1,1
2015.1.00253.S,1,1
2015.1.00256.S,1,1
2015.1.00258.S,0,1
2015.1.00260.S,-1,0
2015.1.00261.S,0,1
2015.1.00262.S,2,1
2015.1.00263.S,0,1
2015.1.00271.S,-1,0
2015.1.00274.S,1,1
2015.1.00279.S,1,1
2015.1.00280.S,1,1
2015.1.00283.S,1,1
2015.1.00287.S,2,1
2015.1.00294.S,1,1
2015.1.00295.S,1,1
2015.1.00296.S,0,1
2015.1.00299.S,0,1
2015.1.00302.S,0,1
2015.1.00305.S,1,1
2015.1.00306.S,0,1
2015.1.00307.S,0,1
2015.1.00308.S,0,1
2015.1.00310.S,-1,0
2015.1.00311.S,-1,0
2015.1.00315.S,0,1
2015.1.00320.S,1,1
2015.1.00324.S,0,1
2015.1.00326.S,1,1
2015.1.00329.S,1,1
2015.1.00330.S,1,1
2015.1.00331.S,1,1
2015.1.00333.S,0,1
2015.1.00338.S,-1,0
2015.1.00340.S,0,1
2015.1.00341.S,0,1
2015.1.00350.S,0,1
2015.1.00354.S,0,1
2015.1.00356.S,0,1
2015.1.00357.S,1,1
2015.1.00369.S,1,1
2015.1.00370.S,1,1
2015.1.00377.S,1,1
2015.1.00379.S,-1,0
2015.1.00384.S,0,1
2015.1.00385.S,-1,0
2015.1.00388.S,-3,0
2015.1.00389.S,1,1
2015.1.00392.S,0,1
2015.1.00393.S,0,1
2015.1.00395.S,1,1
2015.1.00397.S,1,1
2015.1.00399.S,1,1
2015.1.00404.S,0,1
2015.1.00405.S,0,1
2015.1.00407.S,1,1
2015.1.00408.S,0,1
2015.1.00410.S,0,1
2015.1.00412.S,2,1
2015.1.00415.S,-1,0
2015.1.00418.S,0,1
2015.1.00419.S,0,1
2015.1.00420.S,2,1
2015.1.00421.S,-1,0
2015.1.00423.S,1,1
2015.1.00424.S,0,1
2015.1.00425.S,-1,0
2015.1.00428.S,1,1
2015.1.00441.S,0,1
2015.1.00442.S,1,1
2015.1.00449.S,0,1
2015.1.00453.S,1,1
2015.1.00455.S,1,1
2015.1.00456.S,-1,0
2015.1.00463.S,-1,0
2015.1.00466.S,0,1
2015.1.00467.S,0,1
2015.1.00468.S,0,1
2015.1.00475.S,0,1
2015.1.00476.S,1,1
2015.1.00477.S,0,1
2015.1.00480.S,0,1
2015.1.00483.S,0,1
2015.1.00486.S,0,1
2015.1.00490.S,1,1
2015.1.00492.S,-1,0
2015.1.00496.S,1,1
2015.1.00497.S,0,1
2015.1.00500.S,1,1
2015.1.00502.S,1,1
2015.1.00503.S,0,1
2015.1.00504.S,0,1
2015.1.00512.S,1,1
2015.1.00513.S,0,1
2015.1.00528.S,0,1
2015.1.00530.S,2,1
2015.1.00532.S,1,1
2015.1.00534.S,0,1
2015.1.00540.S,-1,0
2015.1.00543.S,-1,0
2015.1.00546.S,-1,0
2015.1.00550.S,0,1
2015.1.00551.S,1,1
2015.1.00555.S,1,1
2015.1.00561.S,1,1
2015.1.00568.S,-1,0
2015.1.00570.S,0,1
2015.1.00575.S,1,1
2015.1.00578.S,-1,0
2015.1.00581.S,1,1
2015.1.00582.S,0,1
2015.1.00584.S,1,1
2015.1.00586.S,0,1
2015.1.00587.S,0,1
2015.1.00591.S,0,1
2015.1.00594.S,-1,0
2015.1.00597.S,0,1
2015.1.00598.S,0,1
2015.1.00600.S,1,1
2015.1.00601.S,1,1
2015.1.00606.S,-1,0
2015.1.00607.S,1,1
2015.1.00612.S,-1,0
2015.1.00614.S,1,1
2015.1.00615.S,1,1
2015.1.00616.S,-1,0
2015.1.00623.S,0,1
2015.1.00624.S,1,1
2015.1.00625.S,0,1
2015.1.00627.S,0,1
2015.1.00631.S,-2,0
2015.1.00633.S,0,1
2015.1.00637.S,0,1
2015.1.00644.S,0,1
2015.1.00645.S,0,1
2015.1.00650.S,0,1
2015.1.00656.S,0,1
2015.1.00657.S,1,1
2015.1.00658.S,-1,0
2015.1.00661.S,0,1
2015.1.00662.S,2,1
2015.1.00664.S,-1,0
2015.1.00665.S,0,1
2015.1.00667.S,0,1
2015.1.00669.S,0,1
2015.1.00671.S,0,1
2015.1.00676.S,0,1
2015.1.00678.S,1,1
2015.1.00686.S,0,1
2015.1.00690.S,0,1
2015.1.00692.S,-1,0
2015.1.00695.S,0,1
2015.1.00697.S,-2,0
2015.1.00702.S,1,1
2015.1.00704.S,-2,0
2015.1.00708.S,1,1
2015.1.00714.S,1,1
2015.1.00716.S,0,1
2015.1.00717.S,0,1
2015.1.00722.S,0,1
2015.1.00723.S,-1,0
2015.1.00725.S,1,1
2015.1.00727.S,-1,0
2015.1.00732.S,1,1
2015.1.00734.T,-2,0
2015.1.00736.S,-2,0
2015.1.00741.S,-1,0
2015.1.00748.S,-2,0
2015.1.00749.S,0,1
2015.1.00752.S,-1,0
2015.1.00754.S,-1,0
2015.1.00761.S,-1,0
2015.1.00762.S,0,1
2015.1.00768.S,-1,0
2015.1.00770.S,-1,0
2015.1.00773.S,0,1
2015.1.00777.S,2,1
2015.1.00779.S,1,1
2015.1.00782.S,1,1
2015.1.00783.S,0,1
2015.1.00791.S,-1,0
2015.1.00793.S,0,1
2015.1.00802.S,-1,0
2015.1.00804.S,2,1
2015.1.00805.S,0,1
2015.1.00806.S,1,1
2015.1.00807.S,0,1
2015.1.00808.S,0,1
2015.1.00810.S,-1,0
2015.1.00813.S,-1,0
2015.1.00815.S,0,1
2015.1.00819.S,-1,0
2015.1.00820.S,0,1
2015.1.00821.S,-2,0
2015.1.00823.S,1,1
2015.1.00827.S,1,1
2015.1.00834.S,-1,0
2015.1.00840.S,-1,0
2015.1.00845.S,0,1
2015.1.00846.S,0,1
2015.1.00847.S,0,1
2015.1.00848.S,0,1
2015.1.00850.S,0,1
2015.1.00851.S,1,1
2015.1.00853.S,0,1
2015.1.00856.S,0,1
2015.1.00859.S,-2,0
2015.1.00860.S,0,1
2015.1.00861.S,0,1
2015.1.00862.S,0,1
2015.1.00865.S,0,1
2015.1.00869.S,-4,0
2015.1.00870.S,-2,0
2015.1.00872.S,-1,0
2015.1.00878.S,0,1
2015.1.00883.S,1,1
2015.1.00888.S,0,1
2015.1.00889.S,0,1
2015.1.00894.S,-1,0
2015.1.00896.S,0,1
2015.1.00897.S,1,1
2015.1.00902.S,1,1
2015.1.00907.S,-1,0
2015.1.00908.S,0,1
2015.1.00914.S,-2,0
2015.1.00920.S,0,1
2015.1.00925.S,1,1
2015.1.00926.S,-2,0
2015.1.00927.S,-1,0
2015.1.00928.S,1,1
2015.1.00932.S,-2,0
2015.1.00934.S,0,1
2015.1.00939.S,3,1
2015.1.00942.S,0,1
2015.1.00944.S,1,1
2015.1.00948.S,-1,0
2015.1.00952.S,0,1
2015.1.00956.S,0,1
2015.1.00959.S,0,1
2015.1.00960.S,1,1
2015.1.00964.S,1,1
2015.1.00966.S,0,1
2015.1.00971.S,1,1
2015.1.00973.S,0,1
2015.1.00976.S,1,1
2015.1.00977.S,0,1
2015.1.00978.S,2,1
2015.1.00979.S,0,1
2015.1.00981.S,1,1
2015.1.00986.S,0,1
2015.1.00989.S,0,1
2015.1.00992.S,-1,0
2015.1.00993.S,1,1
2015.1.00994.S,0,1
2015.1.00995.S,0,1
2015.1.00997.S,2,1
2015.1.01003.S,1,1
2015.1.01005.S,-1,0
2015.1.01008.S,0,1
2015.1.01012.S,0,1
2015.1.01013.S,0,1
2015.1.01014.S,1,1
2015.1.01015.S,0,1
2015.1.01017.S,0,1
2015.1.01018.S,-1,0
2015.1.01019.S,0,1
2015.1.01020.S,-1,0
2015.1.01023.S,1,1
2015.1.01025.S,0,1
2015.1.01034.S,0,1
2015.1.01037.S,0,1
2015.1.01040.S,0,1
2015.1.01042.S,-2,0
2015.1.01043.S,0,1
2015.1.01046.S,0,1
2015.1.01047.S,1,1
2015.1.01053.S,0,1
2015.1.01054.S,-1,0
2015.1.01056.S,0,1
2015.1.01058.S,1,1
2015.1.01060.S,1,1
2015.1.01067.S,0,1
2015.1.01068.S,1,1
2015.1.01074.S,-1,0
2015.1.01080.S,-1,0
2015.1.01082.S,1,1
2015.1.01083.S,-3,0
2015.1.01084.S,-1,0
2015.1.01086.S,1,1
2015.1.01088.S,1,1
2015.1.01090.S,-2,0
2015.1.01093.S,1,1
2015.1.01096.S,1,1
2015.1.01099.S,1,1
2015.1.01104.S,-4,0
2015.1.01105.S,0,1
2015.1.01107.S,1,1
2015.1.01108.S,0,1
2015.1.01111.S,-1,0
2015.1.01112.S,-1,0
2015.1.01114.S,1,1
2015.1.01115.S,1,1
2015.1.01120.S,0,1
2015.1.01125.S,1,1
2015.1.01129.S,1,1
2015.1.01130.S,0,1
2015.1.01131.S,0,1
2015.1.01133.S,1,1
2015.1.01134.S,0,1
2015.1.01135.S,0,1
2015.1.01136.S,0,1
2015.1.01137.S,0,1
2015.1.01140.S,1,1
2015.1.01144.S,2,1
2015.1.01147.S,1,1
2015.1.01148.S,0,1
2015.1.01151.S,0,1
2015.1.01157.S,0,1
2015.1.01158.S,1,1
2015.1.01161.S,2,1
2015.1.01163.S,3,1
2015.1.01170.S,-1,0
2015.1.01171.S,-1,0
2015.1.01177.S,1,1
2015.1.01178.S,-1,0
2015.1.01187.S,-1,0
2015.1.01188.S,0,1
2015.1.01191.S,1,1
2015.1.01193.S,1,1
2015.1.01194.S,0,1
2015.1.01195.S,0,1
2015.1.01198.S,1,1
2015.1.01199.S,1,1
2015.1.01205.S,1,1
2015.1.01207.S,1,1
2015.1.01210.S,0,1
2015.1.01212.S,2,1
2015.1.01222.S,1,1
2015.1.01225.S,0,1
2015.1.01227.S,-1,0
2015.1.01229.S,0,1
2015.1.01232.S,1,1
2015.1.01235.S,0,1
2015.1.01243.S,0,1
2015.1.01246.S,1,1
2015.1.01247.S,-1,0
2015.1.01253.S,0,1
2015.1.01254.S,-1,0
2015.1.01256.S,-2,0
2015.1.01259.S,1,1
2015.1.01260.S,0,1
2015.1.01265.S,-2,0
2015.1.01268.S,-1,0
2015.1.01269.S,0,1
2015.1.01270.S,1,1
2015.1.01271.S,1,1
2015.1.01273.S,1,1
2015.1.01286.S,3,1
2015.1.01287.S,0,1
2015.1.01289.S,1,1
2015.1.01290.S,-2,0
2015.1.01296.S,0,1
2015.1.01301.S,0,1
2015.1.01302.S,-1,0
2015.1.01308.S,0,1
2015.1.01309.S,0,1
2015.1.01312.S,1,1
2015.1.01316.S,0,1
2015.1.01320.S,-1,0
2015.1.01323.S,0,1
2015.1.01324.S,0,1
2015.1.01329.S,1,1
2015.1.01332.S,0,1
2015.1.01339.S,0,1
2015.1.01341.S,1,1
2015.1.01342.S,1,1
2015.1.01344.S,1,1
2015.1.01345.S,1,1
2015.1.01349.S,-1,0
2015.1.01352.S,-3,0
2015.1.01353.S,0,1
2015.1.01355.S,0,1
2015.1.01359.S,1,1
2015.1.01362.S,-2,0
2015.1.01363.S,1,1
2015.1.01366.S,-2,0
2015.1.01371.S,1,1
2015.1.01379.S,2,1
2015.1.01380.S,1,1
2015.1.01384.S,-1,0
2015.1.01388.S,0,1
2015.1.01395.S,0,1
2015.1.01404.S,0,1
2015.1.01406.S,1,1
2015.1.01415.S,1,1
2015.1.01425.S,1,1
2015.1.01426.S,0,1
2015.1.01433.S,-2,0
2015.1.01439.S,1,1
2015.1.01446.S,1,1
2015.1.01447.S,1,1
2015.1.01448.S,1,1
2015.1.01452.S,1,1
2015.1.01454.S,0,1
2015.1.01455.S,-2,0
2015.1.01460.S,0,1
2015.1.01469.S,-1,0
2015.1.01471.S,1,1
2015.1.01478.S,0,1
2015.1.01486.S,3,1
2015.1.01487.S,1,1
2015.1.01489.S,0,1
2015.1.01495.S,-1,0
2015.1.01503.S,-1,0
2015.1.01506.S,0,1
2015.1.01510.S,0,1
2015.1.01512.S,-1,0
2015.1.01516.S,-2,0
2015.1.01518.S,-2,0
2015.1.01520.S,0,1
2015.1.01522.S,-1,0
2015.1.01525.S,0,1
2015.1.01528.S,-1,0
2015.1.01531.S,0,1
2015.1.01535.S,1,1
2015.1.01537.S,-1,0
2015.1.01538.S,0,1
2015.1.01539.S,1,1
2015.1.01541.S,-1,0
2015.1.01543.T,0,1
2015.1.01548.S,-1,0
2015.1.01549.S,0,1
2015.1.01558.T,-1,0
2015.1.01559.S,2,1
2015.1.01564.S,-2,0
2015.1.01569.S,0,1
2015.1.01571.S,1,1
2015.1.01572.S,0,1
2015.1.01576.S,0,1
2015.1.01577.S,0,1
2015.1.01578.S,1,1
2015.1.01580.S,0,1
2015.1.01584.S,0,1
2015.1.01590.S,0,1
2015.1.01592.S,0,1
2015.1.01593.S,2,1
2015.1.01596.S,1,1
2015.1.01597.S,0,1
2015.1.01599.S,0,1
2015.1.01600.S,0,1
2015.1.01602.S,0,1
2015.A.00005.S,-2,0
2015.A.00009.S,1,1
2015.A.00012.S,-1,0
2015.A.00013.S,1,1
2015.A.00015.S,1,1
2015.A.00018.S,1,1
2015.A.00019.S,-1,0
2015.A.00021.S,1,1
2015.A.00022.T,1,1
2015.A.00023.S,-1,0
2015.A.00025.S,-1,0
2015.A.00026.S,-1,0
2016.1.00004.S,2,1
2016.1.00005.S,2,1
2016.1.00007.S,1,1
2016.1.00010.S,0,1
2016.1.00012.S,1,1
2016.1.00017.S,2,1
2016.1.00021.S,0,1
2016.1.00023.S,1,1
2016.1.00026.S,0,1
2016.1.00027.S,0,1
2016.1.00030.S,-1,0
2016.1.00031.S,2,1
2016.1.00033.S,1,1
2016.1.00035.S,0,1
2016.1.00039.S,0,1
2016.1.00041.S,-2,0
2016.1.00048.S,-1,0
2016.1.00050.S,-2,0
2016.1.00051.S,1,1
2016.1.00052.S,1,1
2016.1.00053.S,1,1
2016.1.00057.S,1,1
2016.1.00063.S,0,1
2016.1.00065.S,1,1
2016.1.00070.S,-1,0
2016.1.00071.S,1,1
2016.1.00074.S,1,1
2016.1.00077.S,-1,0
2016.1.00078.S,0,1
2016.1.00079.S,0,1
2016.1.00085.S,0,1
2016.1.00087.S,-3,0
2016.1.00089.S,0,1
2016.1.00101.S,0,1
2016.1.00102.S,-1,0
2016.1.00104.S,0,1
2016.1.00110.S,1,1
2016.1.00112.S,-3,0
2016.1.00115.S,-1,0
2016.1.00117.S,1,1
2016.1.00119.S,0,1
2016.1.00121.S,0,1
2016.1.00123.S,-2,0
2016.1.00125.S,0,1
2016.1.00132.S,0,1
2016.1.00133.T,-2,0
2016.1.00138.S,1,1
2016.1.00139.S,-1,0
2016.1.00140.S,0,1
2016.1.00142.S,1,1
2016.1.00147.S,2,1
2016.1.00150.S,1,1
2016.1.00154.S,1,1
2016.1.00156.S,-1,0
2016.1.00158.S,1,1
2016.1.00161.S,2,1
2016.1.00162.S,-2,0
2016.1.00164.S,3,1
2016.1.00165.S,3,1
2016.1.00166.S,-2,0
2016.1.00168.S,2,1
2016.1.00170.S,0,1
2016.1.00171.S,0,1
2016.1.00173.S,-1,0
2016.1.00176.S,-1,0
2016.1.00177.S,1,1
2016.1.00182.S,-1,0
2016.1.00184.S,-1,0
2016.1.00187.S,0,1
2016.1.00190.S,1,1
2016.1.00191.S,1,1
2016.1.00193.S,0,1
2016.1.00195.S,-1,0
2016.1.00196.S,-1,0
2016.1.00201.S,-1,0
2016.1.00202.S,-2,0
2016.1.00203.S,1,1
2016.1.00204.S,0,1
2016.1.00207.S,1,1
2016.1.00209.S,1,1
2016.1.00215.S,1,1
2016.1.00223.S,2,1
2016.1.00226.S,4,1
2016.1.00229.S,0,1
2016.1.00231.S,-1,0
2016.1.00232.S,2,1
2016.1.00234.S,-5,0
2016.1.00236.T,-3,0
2016.1.00240.S,0,1
2016.1.00243.S,1,1
2016.1.00248.S,0,1
2016.1.00251.S,2,1
2016.1.00254.S,1,1
2016.1.00261.S,0,1
2016.1.00262.S,-1,0
2016.1.00263.S,0,1
2016.1.00264.T,-1,0
2016.1.00268.S,2,1
2016.1.00279.S,-1,0
2016.1.00281.S,1,1
2016.1.00282.S,1,1
2016.1.00284.S,-1,0
2016.1.00285.S,-1,0
2016.1.00288.S,1,1
2016.1.00291.S,1,1
2016.1.00292.S,1,1
2016.1.00293.S,-1,0
2016.1.00296.S,0,1
2016.1.00297.S,0,1
2016.1.00298.S,-2,0
2016.1.00308.S,1,1
2016.1.00309.S,-1,0
2016.1.00311.S,2,1
2016.1.00314.S,-1,0
2016.1.00315.S,0,1
2016.1.00319.S,1,1
2016.1.00320.S,0,1
2016.1.00323.S,-1,0
2016.1.00324.L,2,1
2016.1.00329.S,0,1
2016.1.00330.S,1,1
2016.1.00333.S,1,1
2016.1.00336.S,0,1
2016.1.00337.S,0,1
2016.1.00340.S,1,1
2016.1.00344.S,1,1
2016.1.00345.S,1,1
2016.1.00346.S,0,1
2016.1.00358.S,0,1
2016.1.00359.S,0,1
2016.1.00360.S,0,1
2016.1.00362.S,1,1
2016.1.00366.S,0,1
2016.1.00369.S,0,1
2016.1.00372.S,0,1
2016.1.00374.S,1,1
2016.1.00375.S,2,1
2016.1.00376.S,1,1
2016.1.00380.S,1,1
2016.1.00382.S,1,1
2016.1.00383.S,2,1
2016.1.00386.S,1,1
2016.1.00387.S,3,1
2016.1.00389.S,1,1
2016.1.00391.S,1,1
2016.1.00393.S,1,1
2016.1.00394.S,1,1
2016.1.00406.S,0,1
2016.1.00413.V,1,1
2016.1.00415.S,-1,0
2016.1.00423.S,-2,0
2016.1.00426.S,2,1
2016.1.00431.S,1,1
2016.1.00433.S,0,1
2016.1.00434.S,-1,0
2016.1.00437.S,0,1
2016.1.00440.S,2,1
2016.1.00441.S,-6,0
2016.1.00447.S,0,1
2016.1.00448.S,-1,0
2016.1.00450.S,0,1
2016.1.00455.S,2,1
2016.1.00456.T,-2,0
2016.1.00457.S,1,1
2016.1.00459.S,1,1
2016.1.00460.S,-1,0
2016.1.00461.S,0,1
2016.1.00463.S,-1,0
2016.1.00464.S,0,1
2016.1.00470.S,-1,0
2016.1.00472.S,1,1
2016.1.00478.S,-1,0
2016.1.00481.S,1,1
2016.1.00484.L,0,1
2016.1.00485.S,1,1
2016.1.00492.S,0,1
2016.1.00496.S,1,1
2016.1.00497.S,-1,0
2016.1.00501.S,-1,0
2016.1.00504.S,3,1
2016.1.00505.S,1,1
2016.1.00515.S,0,1
2016.1.00517.S,1,1
2016.1.00529.S,0,1
2016.1.00533.S,1,1
2016.1.00534.S,1,1
2016.1.00540.S,1,1
2016.1.00543.S,1,1
2016.1.00544.S,1,1
2016.1.00545.S,0,1
2016.1.00549.S,0,1
2016.1.00550.S,2,1
2016.1.00560.S,0,1
2016.1.00562.S,1,1
2016.1.00564.S,1,1
2016.1.00565.S,0,1
2016.1.00567.S,2,1
2016.1.00568.S,0,1
2016.1.00569.S,-1,0
2016.1.00571.S,1,1
2016.1.00572.S,-2,0
2016.1.00577.S,1,1
2016.1.00580.S,-1,0
2016.1.00583.S,0,1
2016.1.00585.S,1,1
2016.1.00592.S,0,1
2016.1.00593.S,1,1
2016.1.00595.S,1,1
2016.1.00596.S,0,1
2016.1.00598.S,0,1
2016.1.00604.S,-1,0
2016.1.00605.S,-1,0
2016.1.00606.S,-1,0
2016.1.00608.S,0,1
2016.1.00613.S,1,1
2016.1.00615.S,1,1
2016.1.00620.S,1,1
2016.1.00622.S,1,1
2016.1.00624.S,0,1
2016.1.00627.S,1,1
2016.1.00628.S,0,1
2016.1.00629.S,1,1
2016.1.00630.S,0,1
2016.1.00632.S,-1,0
2016.1.00633.S,0,1
2016.1.00635.S,0,1
2016.1.00637.S,-1,0
2016.1.00639.S,1,1
2016.1.00641.S,1,1
2016.1.00643.S,0,1
2016.1.00645.S,0,1
2016.1.00646.S,-1,0
2016.1.00648.S,0,1
2016.1.00650.S,0,1
2016.1.00652.S,1,1
2016.1.00654.S,-1,0
2016.1.00655.S,0,1
2016.1.00656.S,2,1
2016.1.00668.S,-1,0
2016.1.00671.S,0,1
2016.1.00672.S,1,1
2016.1.00681.S,1,1
2016.1.00682.S,0,1
2016.1.00683.S,0,1
2016.1.00691.S,-3,0
2016.1.00692.S,-1,0
2016.1.00694.S,0,1
2016.1.00695.S,1,1
2016.1.00697.S,1,1
2016.1.00698.S,-1,0
2016.1.00701.S,-2,0
2016.1.00710.S,-1,0
2016.1.00711.S,1,1
2016.1.00712.S,-1,0
2016.1.00714.S,0,1
2016.1.00715.S,1,1
2016.1.00718.S,-1,0
2016.1.00719.S,-2,0
2016.1.00721.S,-1,0
2016.1.00724.S,0,1
2016.1.00725.S,1,1
2016.1.00726.S,-1,0
2016.1.00728.S,-1,0
2016.1.00732.S,1,1
2016.1.00735.S,-1,0
2016.1.00744.S,0,1
2016.1.00747.S,1,1
2016.1.00748.S,-1,0
2016.1.00753.S,0,1
2016.1.00754.S,-1,0
2016.1.00761.S,1,1
2016.1.00766.S,1,1
2016.1.00768.S,-1,0
2016.1.00771.S,0,1
2016.1.00772.S,1,1
2016.1.00773.S,-2,0
2016.1.00776.S,-1,0
2016.1.00777.S,2,1
2016.1.00778.S,0,1
2016.1.00782.S,0,1
2016.1.00784.S,1,1
2016.1.00788.S,-2,0
2016.1.00790.S,0,1
2016.1.00794.S,1,1
2016.1.00798.S,1,1
2016.1.00800.S,0,1
2016.1.00801.S,1,1
2016.1.00803.S,0,1
2016.1.00804.S,-2,0
2016.1.00805.S,-1,0
2016.1.00810.S,1,1
2016.1.00813.S,-1,0
2016.1.00817.S,-1,0
2016.1.00819.T,-1,0
2016.1.00826.S,0,1
2016.1.00829.S,1,1
2016.1.00830.S,-1,0
2016.1.00831.S,0,1
2016.1.00839.S,1,1
2016.1.00842.S,-2,0
2016.1.00843.S,0,1
2016.1.00846.S,1,1
2016.1.00852.S,0,1
2016.1.00854.S,0,1
2016.1.00856.S,1,1
2016.1.00859.S,-3,0
2016.1.00862.T,-1,0
2016.1.00863.S,-1,0
2016.1.00864.S,0,1
2016.1.00870.S,-1,0
2016.1.00875.S,1,1
2016.1.00877.S,0,1
2016.1.00878.S,-1,0
2016.1.00880.S,-1,0
2016.1.00881.S,0,1
2016.1.00884.S,0,1
2016.1.00895.S,-1,0
2016.1.00896.S,0,1
2016.1.00901.S,-3,0
2016.1.00902.S,-1,0
2016.1.00907.S,0,1
2016.1.00909.S,1,1
2016.1.00911.S,0,1
2016.1.00912.S,0,1
2016.1.00915.S,1,1
2016.1.00922.S,-1,0
2016.1.00924.S,0,1
2016.1.00925.T,-3,0
2016.1.00928.S,0,1
2016.1.00929.S,1,1
2016.1.00931.S,0,1
2016.1.00932.S,2,1
2016.1.00935.S,0,1
2016.1.00938.T,1,1
2016.1.00940.S,1,1
2016.1.00944.S,-1,0
2016.1.00946.S,1,1
2016.1.00948.S,1,1
2016.1.00949.S,1,1
2016.1.00951.S,1,1
2016.1.00952.S,0,1
2016.1.00954.S,0,1
2016.1.00956.S,0,1
2016.1.00961.S,1,1
2016.1.00964.S,-1,0
2016.1.00965.S,2,1
2016.1.00967.S,-2,0
2016.1.00970.S,1,1
2016.1.00972.S,0,1
2016.1.00978.S,1,1
2016.1.00980.S,0,1
2016.1.00983.S,0,1
2016.1.00984.S,0,1
2016.1.00985.S,-1,0
2016.1.00988.S,1,1
2016.1.00990.S,0,1
2016.1.00991.S,0,1
2016.1.00992.S,1,1
2016.1.00994.S,2,1
2016.1.01001.S,0,1
2016.1.01005.S,1,1
2016.1.01010.S,0,1
2016.1.01012.S,-1,0
2016.1.01013.S,1,1
2016.1.01015.S,0,1
2016.1.01018.S,0,1
2016.1.01019.S,0,1
2016.1.01029.S,1,1
2016.1.01032.S,1,1
2016.1.01036.S,1,1
2016.1.01037.S,2,1
2016.1.01040.S,1,1
2016.1.01042.S,0,1
2016.1.01043.S,-1,0
2016.1.01046.S,0,1
2016.1.01051.S,1,1
2016.1.01055.S,-1,0
2016.1.01063.S,1,1
2016.1.01068.S,1,1
2016.1.01071.S,1,1
2016.1.01072.S,0,1
2016.1.01073.S,-1,0
2016.1.01079.S,-1,0
2016.1.01082.S,1,1
2016.1.01086.S,1,1
2016.1.01089.S,0,1
2016.1.01090.S,0,1
2016.1.01093.S,0,1
2016.1.01100.S,-1,0
2016.1.01101.S,0,1
2016.1.01103.S,0,1
2016.1.01107.S,-1,0
2016.1.01114.V,1,1
2016.1.01115.S,2,1
2016.1.01116.V,1,1
2016.1.01117.S,0,1
2016.1.01119.S,1,1
2016.1.01123.S,0,1
2016.1.01124.S,-1,0
2016.1.01125.S,1,1
2016.1.01126.S,0,1
2016.1.01129.S,-2,0
2016.1.01134.S,-1,0
2016.1.01135.S,0,1
2016.1.01137.S,2,1
2016.1.01138.S,0,1
2016.1.01140.S,-3,0
2016.1.01141.S,1,1
2016.1.01144.S,0,1
2016.1.01146.S,0,1
2016.1.01147.S,1,1
2016.1.01149.S,1,1
2016.1.01150.S,1,1
2016.1.01152.S,1,1
2016.1.01154.V,1,1
2016.1.01155.S,1,1
2016.1.01156.S,-1,0
2016.1.01158.S,-1,0
2016.1.01162.S,0,1
2016.1.01164.S,0,1
2016.1.01172.S,0,1
2016.1.01173.S,1,1
2016.1.01175.S,-2,0
2016.1.01176.V,1,1
2016.1.01182.S,0,1
2016.1.01184.S,0,1
2016.1.01186.S,-2,0
2016.1.01188.S,0,1
2016.1.01197.S,1,1
2016.1.01198.V,1,1
2016.1.01200.S,0,1
2016.1.01201.S,-1,0
2016.1.01202.S,1,1
2016.1.01203.S,1,1
2016.1.01205.S,0,1
2016.1.01206.S,1,1
2016.1.01208.S,-1,0
2016.1.01209.S,1,1
2016.1.01214.S,0,1
2016.1.01216.V,1,1
2016.1.01217.S,1,1
2016.1.01223.S,0,1
2016.1.01228.S,1,1
2016.1.01231.S,0,1
2016.1.01235.S,1,1
2016.1.01236.S,0,1
2016.1.01239.S,0,1
2016.1.01240.S,0,1
2016.1.01243.S,0,1
2016.1.01245.S,0,1
2016.1.01250.S,0,1
2016.1.01253.S,0,1
2016.1.01262.S,-1,0
2016.1.01265.S,2,1
2016.1.01269.S,0,1
2016.1.01272.T,1,1
2016.1.01277.S,-1,0
2016.1.01279.S,1,1
2016.1.01284.S,1,1
2016.1.01285.S,1,1
2016.1.01286.S,0,1
2016.1.01287.S,-1,0
2016.1.01288.S,1,1
2016.1.01290.V,1,1
2016.1.01293.S,0,1
2016.1.01296.S,0,1
2016.1.01299.S,1,1
2016.1.01304.T,1,1
2016.1.01305.S,0,1
2016.1.01308.S,-1,0
2016.1.01309.S,0,1
2016.1.01311.S,-1,0
2016.1.01313.S,-2,0
2016.1.01318.S,1,1
2016.1.01325.S,1,1
2016.1.01326.S,-1,0
2016.1.01333.S,-1,0
2016.1.01338.S,0,1
2016.1.01339.S,1,1
2016.1.01340.S,0,1
2016.1.01344.S,0,1
2016.1.01345.S,1,1
2016.1.01346.S,1,1
2016.1.01347.S,1,1
2016.1.01355.S,-1,0
2016.1.01363.S,1,1
2016.1.01367.S,0,1
2016.1.01370.S,-1,0
2016.1.01371.S,-1,0
2016.1.01372.S,1,1
2016.1.01374.S,0,1
2016.1.01375.S,0,1
2016.1.01376.S,1,1
2016.1.01385.S,1,1
2016.1.01387.S,1,1
2016.1.01398.S,1,1
2016.1.01399.S,0,1
2016.1.01400.S,0,1
2016.1.01404.V,1,1
2016.1.01408.S,-1,0
2016.1.01417.S,1,1
2016.1.01423.S,1,1
2016.1.01425.S,-1,0
2016.1.01426.S,0,1
2016.1.01430.S,1,1
2016.1.01435.S,-2,0
2016.1.01439.S,0,1
2016.1.01453.S,1,1
2016.1.01454.S,-1,0
2016.1.01456.S,0,1
2016.1.01468.S,0,1
2016.1.01475.S,1,1
2016.1.01481.S,-2,0
2016.1.01484.S,-1,0
2016.1.01488.S,0,1
2016.1.01489.T,2,1
2016.1.01493.S,0,1
2016.1.01495.S,1,1
2016.1.01499.S,0,1
2016.1.01501.S,1,1
2016.1.01504.S,1,1
2016.1.01505.S,-1,0
2016.1.01510.S,-1,0
2016.1.01511.S,0,1
2016.1.01512.S,0,1
2016.1.01515.S,-1,0
2016.1.01520.S,1,1
2016.1.01523.S,-1,0
2016.1.01530.S,1,1
2016.1.01532.S,-1,0
2016.1.01533.S,0,1
2016.1.01535.S,1,1
2016.1.01537.S,2,1
2016.1.01539.S,0,1
2016.1.01541.S,2,1
2016.1.01543.S,1,1
2016.1.01546.S,1,1
2016.1.01548.S,1,1
2016.1.01552.S,2,1
2016.1.01553.S,0,1
2016.1.01554.S,1,1
2016.1.01559.S,0,1
2016.1.01565.S,-1,0
2016.1.01567.S,1,1
2016.1.01573.S,0,1
2016.1.01580.S,0,1
2016.1.01591.S,-1,0
2016.1.01592.S,1,1
2016.1.01599.S,0,1
2016.1.01601.S,0,1
2016.1.01604.S,-1,0
2016.1.01609.S,0,1
2016.1.01613.S,2,1
2016.2.00002.S,0,1
2016.2.00005.S,1,1
2016.2.00006.S,0,1
2016.2.00014.S,-1,0
2016.2.00015.S,0,1
2016.2.00025.S,2,1
2016.2.00027.S,1,1
2016.2.00033.S,1,1
2016.2.00042.S,2,1
2016.2.00046.S,0,1
2016.2.00048.S,1,1
2016.2.00053.S,0,1
2016.2.00055.S,0,1
2016.2.00056.S,2,1
2016.2.00058.S,0,1
2016.2.00060.S,-1,0
2016.2.00079.S,1,1
2016.2.00088.S,0,1
2016.2.00094.S,3,1
2016.2.00097.S,0,1
2016.2.00098.S,1,1
2016.2.00105.S,-3,0
2016.2.00115.S,2,1
2016.2.00117.S,2,1
2016.2.00133.S,1,1
2016.2.00134.S,0,1
2016.2.00139.S,-1,0
2016.2.00147.S,0,1
2016.2.00164.S,1,1
2016.2.00168.S,1,1
2016.2.00171.S,1,1
2016.2.00172.S,-1,0
2016.2.00190.S,1,1
2016.2.00195.S,1,1
2016.2.00197.S,1,1
2016.2.00200.S,0,1
2016.A.00008.T,2,1
2016.A.00010.S,0,1
2016.A.00011.S,1,1
2016.A.00013.S,-1,0
2016.A.00014.S,1,1
2016.A.00015.S,-1,0
2016.A.00018.S,1,1
2016.A.00021.T,0,1
2016.A.00022.S,1,1
2016.A.00026.S,0,1
2016.A.00027.S,-1,0
2016.A.00029.S,1,1
2016.A.00030.T,0,1
2016.A.00037.T,0,1
2016.A.00043.T,-1,0
2016.A.00046.T,-1,0
2017.1.00001.S,-1,0
2017.1.00002.S,2,1
2017.1.00005.S,2,1
2017.1.00006.S,1,1
2017.1.00009.S,-2,0
2017.1.00010.S,-1,0
2017.1.00015.S,1,1
2017.1.00017.S,1,1
2017.1.00019.S,1,1
2017.1.00022.S,3,1
2017.1.00023.S,3,1
2017.1.00025.S,0,1
2017.1.00027.S,0,1
2017.1.00028.S,2,1
2017.1.00029.S,0,1
2017.1.00033.S,1,1
2017.1.00040.S,5,1
2017.1.00042.S,0,1
2017.1.00043.S,1,1
2017.1.00044.S,0,1
2017.1.00046.S,-1,0
2017.1.00048.S,-1,0
2017.1.00049.S,-2,0
2017.1.00050.S,-2,0
2017.1.00051.S,-1,0
2017.1.00053.S,0,1
2017.1.00057.S,1,1
2017.1.00065.S,0,1
2017.1.00066.S,0,1
2017.1.00069.S,-1,0
2017.1.00070.S,0,1
2017.1.00072.S,-1,0
2017.1.00075.S,2,1
2017.1.00077.S,0,1
2017.1.00078.S,4,1
2017.1.00079.S,0,1
2017.1.00082.S,0,1
2017.1.00090.S,-1,0
2017.1.00091.S,1,1
2017.1.00093.S,1,1
2017.1.00098.S,1,1
2017.1.00101.S,1,1
2017.1.00102.S,-1,0
2017.1.00107.S,-3,0
2017.1.00108.S,1,1
2017.1.00112.S,-1,0
2017.1.00113.S,1,1
2017.1.00114.S,1,1
2017.1.00117.S,-1,0
2017.1.00118.S,-1,0
2017.1.00121.S,1,1
2017.1.00123.S,1,1
2017.1.00124.S,-1,0
2017.1.00125.S,-1,0
2017.1.00126.S,-1,0
2017.1.00127.S,1,1
2017.1.00129.S,1,1
2017.1.00135.S,-1,0
2017.1.00138.S,1,1
2017.1.00139.S,3,1
2017.1.00161.L,4,1
2017.1.00167.S,0,1
2017.1.00172.S,0,1
2017.1.00178.S,1,1
2017.1.00180.S,1,1
2017.1.00181.S,0,1
2017.1.00190.S,2,1
2017.1.00191.S,1,1
2017.1.00199.S,1,1
2017.1.00200.S,0,1
2017.1.00201.S,0,1
2017.1.00202.S,-1,0
2017.1.00212.S,-1,0
2017.1.00215.S,0,1
2017.1.00221.S,-1,0
2017.1.00224.S,1,1
2017.1.00225.S,2,1
2017.1.00226.S,1,1
2017.1.00227.S,0,1
2017.1.00230.S,1,1
2017.1.00232.S,0,1
2017.1.00235.S,2,1
2017.1.00236.S,0,1
2017.1.00237.S,1,1
2017.1.00239.S,-2,0
2017.1.00240.S,0,1
2017.1.00248.S,1,1
2017.1.00255.S,1,1
2017.1.00257.S,0,1
2017.1.00258.S,0,1
2017.1.00261.S,1,1
2017.1.00270.S,1,1
2017.1.00271.S,1,1
2017.1.00273.S,-2,0
2017.1.00277.S,0,1
2017.1.00279.S,-2,0
2017.1.00280.S,-1,0
2017.1.00286.S,1,1
2017.1.00287.S,2,1
2017.1.00288.S,0,1
2017.1.00293.S,1,1
2017.1.00297.S,2,1
2017.1.00300.S,1,1
2017.1.00301.S,0,1
2017.1.00303.S,1,1
2017.1.00316.S,0,1
2017.1.00318.S,0,1
2017.1.00321.S,1,1
2017.1.00326.S,-1,0
2017.1.00332.S,2,1
2017.1.00337.S,-2,0
2017.1.00338.S,0,1
2017.1.00339.S,1,1
2017.1.00341.S,-1,0
2017.1.00345.S,-1,0
2017.1.00350.S,0,1
2017.1.00357.S,-2,0
2017.1.00358.S,-1,0
2017.1.00363.S,1,1
2017.1.00367.S,1,1
2017.1.00368.S,0,1
2017.1.00370.S,3,1
2017.1.00373.S,1,1
2017.1.00376.S,1,1
2017.1.00377.S,2,1
2017.1.00379.S,3,1
2017.1.00388.S,2,1
2017.1.00391.S,0,1
2017.1.00392.S,1,1
2017.1.00393.S,1,1
2017.1.00394.S,0,1
2017.1.00395.S,1,1
2017.1.00396.S,6,1
2017.1.00404.S,0,1
2017.1.00413.S,-1,0
2017.1.00419.S,1,1
2017.1.00428.L,-1,0
2017.1.00433.S,1,1
2017.1.00439.S,1,1
2017.1.00441.S,0,1
2017.1.00449.S,1,1
2017.1.00461.S,1,1
2017.1.00466.S,0,1
2017.1.00467.S,0,1
2017.1.00470.S,-2,0
2017.1.00471.S,-1,0
2017.1.00474.S,0,1
2017.1.00478.S,-1,0
2017.1.00480.S,0,1
2017.1.00486.S,-1,0
2017.1.00487.S,0,1
2017.1.00489.S,0,1
2017.1.00492.S,-1,0
2017.1.00496.S,2,1
2017.1.00497.S,1,1
2017.1.00501.S,1,1
2017.1.00503.S,-1,0
2017.1.00506.S,-1,0
2017.1.00508.S,3,1
2017.1.00509.S,1,1
2017.1.00510.S,-3,0
2017.1.00512.S,-1,0
2017.1.00518.S,1,1
2017.1.00520.S,-1,0
2017.1.00523.S,1,1
2017.1.00526.S,1,1
2017.1.00527.S,-1,0
2017.1.00541.S,1,1
2017.1.00545.S,1,1
2017.1.00551.S,0,1
2017.1.00555.S,2,1
2017.1.00558.S,1,1
2017.1.00560.S,0,1
2017.1.00561.S,0,1
2017.1.00562.S,1,1
2017.1.00568.S,0,1
2017.1.00569.S,0,1
2017.1.00571.S,0,1
2017.1.00572.S,0,1
2017.1.00575.S,2,1
2017.1.00581.S,0,1
2017.1.00582.S,2,1
2017.1.00586.S,1,1
2017.1.00594.S,-1,0
2017.1.00595.S,2,1
2017.1.00598.S,1,1
2017.1.00601.S,0,1
2017.1.00602.S,2,1
2017.1.00604.S,0,1
2017.1.00607.S,0,1
2017.1.00608.S,-1,0
2017.1.00612.S,1,1
2017.1.00614.S,-1,0
2017.1.00616.S,0,1
2017.1.00621.S,-2,0
2017.1.00624.S,-3,0
2017.1.00628.S,0,1
2017.1.00629.S,0,1
2017.1.00636.S,1,1
2017.1.00653.S,-2,0
2017.1.00655.S,-1,0
2017.1.00659.S,1,1
2017.1.00661.S,2,1
2017.1.00670.S,0,1
2017.1.00678.S,0,1
2017.1.00681.S,0,1
2017.1.00685.S,1,1
2017.1.00687.S,1,1
2017.1.00693.S,2,1
2017.1.00696.S,1,1
2017.1.00697.S,0,1
2017.1.00698.S,-5,0
2017.1.00700.S,1,1
2017.1.00704.S,0,1
2017.1.00706.S,1,1
2017.1.00707.S,0,1
2017.1.00712.S,2,1
2017.1.00716.S,1,1
2017.1.00717.S,2,1
2017.1.00719.S,1,1
2017.1.00725.S,0,1
2017.1.00727.S,1,1
2017.1.00729.S,2,1
2017.1.00735.S,0,1
2017.1.00737.S,2,1
2017.1.00740.S,-1,0
2017.1.00750.T,1,1
2017.1.00753.S,0,1
2017.1.00755.S,-1,0
2017.1.00759.S,1,1
2017.1.00765.S,2,1
2017.1.00766.S,0,1
2017.1.00767.S,0,1
2017.1.00771.S,2,1
2017.1.00773.S,-1,0
2017.1.00775.S,0,1
2017.1.00784.S,1,1
2017.1.00786.S,0,1
2017.1.00787.S,1,1
2017.1.00789.S,-1,0
2017.1.00793.S,1,1
2017.1.00795.V,1,1
2017.1.00797.V,1,1
2017.1.00801.T,-2,0
2017.1.00814.S,-1,0
2017.1.00815.S,1,1
2017.1.00820.S,-1,0
2017.1.00822.S,1,1
2017.1.00823.S,1,1
2017.1.00824.S,1,1
2017.1.00825.S,0,1
2017.1.00827.S,-1,0
2017.1.00828.S,0,1
2017.1.00829.S,0,1
2017.1.00830.S,-1,0
2017.1.00831.S,0,1
2017.1.00834.S,1,1
2017.1.00841.V,1,1
2017.1.00842.V,1,1
2017.1.00845.S,0,1
2017.1.00855.S,-3,0
2017.1.00856.S,0,1
2017.1.00857.S,1,1
2017.1.00862.S,3,1
2017.1.00864.T,-3,0
2017.1.00870.S,-2,0
2017.1.00877.S,1,1
2017.1.00884.S,0,1
2017.1.00885.S,1,1
2017.1.00886.L,0,1
2017.1.00888.S,1,1
2017.1.00889.S,1,1
2017.1.00893.S,1,1
2017.1.00894.S,2,1
2017.1.00895.S,1,1
2017.1.00899.S,2,1
2017.1.00901.S,0,1
2017.1.00904.S,0,1
2017.1.00907.S,0,1
2017.1.00908.S,-1,0
2017.1.00909.S,2,1
2017.1.00912.S,0,1
2017.1.00914.S,1,1
2017.1.00916.S,1,1
2017.1.00917.S,0,1
2017.1.00928.S,0,1
2017.1.00930.S,0,1
2017.1.00931.S,0,1
2017.1.00935.S,1,1
2017.1.00938.S,1,1
2017.1.00939.S,-1,0
2017.1.00940.S,0,1
2017.1.00941.S,0,1
2017.1.00955.S,1,1
2017.1.00963.S,3,1
2017.1.00964.S,0,1
2017.1.00969.S,0,1
2017.1.00975.S,-2,0
2017.1.00979.S,0,1
2017.1.00983.S,1,1
2017.1.00984.S,0,1
2017.1.00985.V,1,1
2017.1.00986.S,-1,0
2017.1.00987.S,-1,0
2017.1.00991.V,1,1
2017.1.00994.S,1,1
2017.1.00995.S,-1,0
2017.1.00999.S,3,1
2017.1.01002.S,1,1
2017.1.01003.S,0,1
2017.1.01006.S,0,1
2017.1.01010.S,0,1
2017.1.01013.S,1,1
2017.1.01018.S,1,1
2017.1.01019.S,0,1
2017.1.01020.S,0,1
2017.1.01023.S,1,1
2017.1.01027.S,-1,0
2017.1.01031.S,0,1
2017.1.01033.S,-1,0
2017.1.01043.S,0,1
2017.1.01045.S,1,1
2017.1.01052.S,0,1
2017.1.01053.S,1,1
2017.1.01056.S,0,1
2017.1.01057.S,0,1
2017.1.01059.S,-1,0
2017.1.01066.T,1,1
2017.1.01071.S,-1,0
2017.1.01076.S,0,1
2017.1.01077.S,1,1
2017.1.01078.S,0,1
2017.1.01079.S,1,1
2017.1.01081.S,0,1
2017.1.01085.S,1,1
2017.1.01088.S,-2,0
2017.1.01093.S,0,1
2017.1.01099.S,1,1
2017.1.01100.S,2,1
2017.1.01101.S,0,1
2017.1.01102.S,0,1
2017.1.01103.T,-1,0
2017.1.01107.S,1,1
2017.1.01108.S,0,1
2017.1.01109.S,0,1
2017.1.01116.S,-1,0
2017.1.01117.S,1,1
2017.1.01119.S,2,1
2017.1.01120.S,-2,0
2017.1.01125.S,0,1
2017.1.01138.S,-2,0
2017.1.01140.S,0,1
2017.1.01145.S,1,1
2017.1.01149.S,1,1
2017.1.01151.S,-1,0
2017.1.01157.S,1,1
2017.1.01158.S,0,1
2017.1.01162.S,1,1
2017.1.01163.S,-1,0
2017.1.01167.S,0,1
2017.1.01168.S,2,1
2017.1.01174.S,2,1
2017.1.01176.S,0,1
2017.1.01177.S,0,1
2017.1.01178.S,3,1
2017.1.01180.S,0,1
2017.1.01181.V,1,1
2017.1.01184.S,0,1
2017.1.01185.S,1,1
2017.1.01188.S,-2,0
2017.1.01194.S,0,1
2017.1.01195.S,1,1
2017.1.01199.S,0,1
2017.1.01202.S,1,1
2017.1.01205.S,-2,0
2017.1.01209.S,0,1
2017.1.01214.S,-1,0
2017.1.01217.S,-1,0
2017.1.01219.S,3,1
2017.1.01220.S,-3,0
2017.1.01223.S,-1,0
2017.1.01226.S,1,1
2017.1.01228.S,0,1
2017.1.01230.S,1,1
2017.1.01232.S,1,1
2017.1.01235.S,1,1
2017.1.01243.S,0,1
2017.1.01247.S,0,1
2017.1.01248.S,2,1
2017.1.01249.S,1,1
2017.1.01252.S,1,1
2017.1.01257.S,0,1
2017.1.01259.S,-1,0
2017.1.01260.S,1,1
2017.1.01261.S,1,1
2017.1.01276.S,-2,0
2017.1.01278.S,-1,0
2017.1.01280.S,2,1
2017.1.01301.S,1,1
2017.1.01305.S,1,1
2017.1.01306.S,2,1
2017.1.01307.S,0,1
2017.1.01308.S,-2,0
2017.1.01310.S,-1,0
2017.1.01311.S,0,1
2017.1.01313.S,-1,0
2017.1.01318.S,0,1
2017.1.01320.S,1,1
2017.1.01323.S,2,1
2017.1.01324.S,-1,0
2017.1.01330.S,-1,0
2017.1.01332.S,-1,0
2017.1.01334.S,0,1
2017.1.01339.V,1,1
2017.1.01340.S,1,1
2017.1.01347.S,-1,0
2017.1.01350.S,1,1
2017.1.01353.S,1,1
2017.1.01355.L,2,1
2017.1.01358.S,0,1
2017.1.01359.S,-1,0
2017.1.01361.S,0,1
2017.1.01363.S,2,1
2017.1.01367.S,1,1
2017.1.01368.S,1,1
2017.1.01370.S,1,1
2017.1.01371.S,1,1
2017.1.01373.S,1,1
2017.1.01375.S,1,1
2017.1.01376.S,2,1
2017.1.01380.S,0,1
2017.1.01387.S,-2,0
2017.1.01390.S,1,1
2017.1.01391.S,-3,0
2017.1.01392.S,-2,0
2017.1.01398.S,1,1
2017.1.01399.S,1,1
2017.1.01401.S,1,1
2017.1.01404.S,0,1
2017.1.01405.S,1,1
2017.1.01406.S,0,1
2017.1.01409.S,2,1
2017.1.01411.T,-2,0
2017.1.01413.S,1,1
2017.1.01419.S,0,1
2017.1.01423.S,0,1
2017.1.01424.S,0,1
2017.1.01425.S,-2,0
2017.1.01428.S,1,1
2017.1.01430.S,-1,0
2017.1.01439.S,1,1
2017.1.01444.S,1,1
2017.1.01451.S,1,1
2017.1.01457.S,-1,0
2017.1.01460.S,0,1
2017.1.01462.S,1,1
2017.1.01471.S,0,1
2017.1.01472.S,-2,0
2017.1.01478.S,0,1
2017.1.01489.S,1,1
2017.1.01492.S,-1,0
2017.1.01499.S,1,1
2017.1.01500.S,3,1
2017.1.01512.S,1,1
2017.1.01514.V,1,1
2017.1.01516.S,2,1
2017.1.01521.S,0,1
2017.1.01522.S,-2,0
2017.1.01523.S,0,1
2017.1.01526.T,-2,0
2017.1.01527.S,0,1
2017.1.01532.S,2,1
2017.1.01539.S,1,1
2017.1.01542.S,1,1
2017.1.01545.S,0,1
2017.1.01552.S,0,1
2017.1.01553.S,0,1
2017.1.01555.S,0,1
2017.1.01557.S,1,1
2017.1.01558.S,0,1
2017.1.01559.S,0,1
2017.1.01560.S,1,1
2017.1.01562.S,1,1
2017.1.01565.S,0,1
2017.1.01568.S,0,1
2017.1.01571.S,0,1
2017.1.01572.S,-2,0
2017.1.01575.S,0,1
2017.1.01578.S,1,1
2017.1.01583.S,0,1
2017.1.01584.S,-1,0
2017.1.01587.S,0,1
2017.1.01593.S,1,1
2017.1.01600.S,0,1
2017.1.01605.S,0,1
2017.1.01607.S,0,1
2017.1.01616.S,0,1
2017.1.01618.S,1,1
2017.1.01621.S,-1,0
2017.1.01627.S,0,1
2017.1.01628.S,0,1
2017.1.01631.S,1,1
2017.1.01632.S,-1,0
2017.1.01638.S,-1,0
2017.1.01639.S,0,1
2017.1.01640.S,0,1
2017.1.01644.S,-1,0
2017.1.01647.S,1,1
2017.1.01649.S,-2,0
2017.1.01658.S,0,1
2017.1.01659.S,1,1
2017.1.01662.S,-1,0
2017.1.01666.S,1,1
2017.1.01671.S,1,1
2017.1.01672.S,-2,0
2017.1.01674.S,1,1
2017.1.01675.S,0,1
2017.1.01676.S,-1,0
2017.1.01677.S,0,1
2017.1.01678.S,0,1
2017.1.01682.S,0,1
2017.1.01687.S,2,1
2017.1.01689.S,1,1
2017.1.01690.S,-2,0
2017.1.01693.S,0,1
2017.1.01694.S,-1,0
2017.1.01695.T,0,1
2017.1.01701.S,0,1
2017.1.01704.S,0,1
2017.1.01705.S,-1,0
2017.1.01708.S,1,1
2017.1.01713.S,0,1
2017.1.01722.S,1,1
2017.1.01727.S,1,1
2017.1.01729.S,2,1
2017.A.00006.S,0,1
2017.A.00012.S,1,1
2017.A.00013.S,-1,0
2017.A.00014.S,0,1
2017.A.00018.S,1,1
2017.A.00021.T,-2,0
2017.A.00024.S,0,1
2017.A.00025.S,1,1
2017.A.00026.S,0,1
2017.A.00030.S,1,1
2017.A.00032.S,2,1
2017.A.00034.S,-1,0
2017.A.00035.S,-1,0
2017.A.00042.T,0,1
2017.A.00043.T,2,1
2017.A.00044.S,1,1
2017.A.00045.T,-2,0
2017.A.00046.T,-2,0
2017.A.00047.T,-5,0
2017.A.00053.S,1,1
2017.A.00054.S,0,1
2017.A.00056.S,-1,0
2018.1.00001.S,-1,0
2018.1.00003.S,-1,0
2018.1.00006.S,1,1
2018.1.00007.S,-4,0
2018.1.00010.S,1,1
2018.1.00012.S,1,1
2018.1.00024.S,1,1
2018.1.00028.S,0,1
2018.1.00034.S,0,1
2018.1.00035.L,1,1
2018.1.00037.S,1,1
2018.1.00045.S,0,1
2018.1.00046.S,2,1
2018.1.00047.S,1,1
2018.1.00051.S,4,1
2018.1.00058.S,-3,0
2018.1.00064.S,1,1
2018.1.00065.S,1,1
2018.1.00072.S,0,1
2018.1.00081.S,2,1
2018.1.00085.S,1,1
2018.1.00088.S,0,1
2018.1.00101.S,1,1
2018.1.00103.S,1,1
2018.1.00105.S,1,1
2018.1.00113.S,0,1
2018.1.00115.S,1,1
2018.1.00119.S,3,1
2018.1.00124.S,1,1
2018.1.00126.S,1,1
2018.1.00135.S,0,1
2018.1.00141.S,1,1
2018.1.00147.S,1,1
2018.1.00162.S,1,1
2018.1.00164.S,2,1
2018.1.00167.S,1,1
2018.1.00171.S,1,1
2018.1.00181.S,1,1
2018.1.00187.S,1,1
2018.1.00190.S,2,1
2018.1.00191.S,0,1
2018.1.00192.S,1,1
2018.1.00197.S,0,1
2018.1.00199.S,-2,0
2018.1.00200.S,-1,0
2018.1.00211.S,0,1
2018.1.00215.S,2,1
2018.1.00216.S,-1,0
2018.1.00219.S,0,1
2018.1.00222.S,-1,0
2018.1.00223.S,2,1
2018.1.00227.S,2,1
2018.1.00231.S,-1,0
2018.1.00232.S,1,1
2018.1.00236.S,-1,0
2018.1.00242.S,1,1
2018.1.00244.S,0,1
2018.1.00248.S,1,1
2018.1.00250.S,2,1
2018.1.00251.S,2,1
2018.1.00252.S,1,1
2018.1.00262.S,1,1
2018.1.00271.S,0,1
2018.1.00272.S,2,1
2018.1.00273.S,0,1
2018.1.00276.S,-1,0
2018.1.00279.S,0,1
2018.1.00285.S,0,1
2018.1.00286.S,-1,0
2018.1.00293.S,1,1
2018.1.00294.S,2,1
2018.1.00295.S,1,1
2018.1.00298.S,1,1
2018.1.00299.S,2,1
2018.1.00302.S,1,1
2018.1.00306.S,1,1
2018.1.00310.S,1,1
2018.1.00312.S,0,1
2018.1.00318.S,1,1
2018.1.00321.S,0,1
2018.1.00326.S,0,1
2018.1.00329.S,-1,0
2018.1.00331.S,1,1
2018.1.00332.S,-1,0
2018.1.00333.S,1,1
2018.1.00336.S,2,1
2018.1.00337.S,0,1
2018.1.00339.S,0,1
2018.1.00341.S,1,1
2018.1.00343.S,-1,0
2018.1.00348.S,-1,0
2018.1.00350.S,0,1
2018.1.00353.S,0,1
2018.1.00357.S,-3,0
2018.1.00359.S,0,1
2018.1.00366.S,0,1
2018.1.00370.S,2,1
2018.1.00375.S,1,1
2018.1.00378.S,0,1
2018.1.00385.S,1,1
2018.1.00388.S,1,1
2018.1.00397.S,0,1
2018.1.00421.S,-1,0
2018.1.00423.S,2,1
2018.1.00424.S,1,1
2018.1.00427.S,0,1
2018.1.00429.S,-1,0
2018.1.00432.S,2,1
2018.1.00434.S,0,1
2018.1.00437.S,0,1
2018.1.00443.S,2,1
2018.1.00446.S,0,1
2018.1.00452.S,0,1
2018.1.00456.S,1,1
2018.1.00457.S,3,1
2018.1.00458.S,1,1
2018.1.00460.S,0,1
2018.1.00461.S,0,1
2018.1.00470.S,-1,0
2018.1.00473.S,1,1
2018.1.00475.S,1,1
2018.1.00477.S,-1,0
2018.1.00478.S,2,1
2018.1.00484.S,0,1
2018.1.00486.S,0,1
2018.1.00489.S,-1,0
2018.1.00490.S,0,1
2018.1.00492.S,1,1
2018.1.00493.S,2,1
2018.1.00495.S,2,1
2018.1.00500.S,0,1
2018.1.00503.S,2,1
2018.1.00510.S,0,1
2018.1.00513.S,1,1
2018.1.00517.S,0,1
2018.1.00520.S,1,1
2018.1.00523.S,1,1
2018.1.00525.S,1,1
2018.1.00526.S,-1,0
2018.1.00528.S,0,1
2018.1.00531.S,2,1
2018.1.00532.S,1,1
2018.1.00536.S,2,1
2018.1.00538.S,1,1
2018.1.00539.S,1,1
2018.1.00541.S,0,1
2018.1.00543.S,0,1
2018.1.00548.S,1,1
2018.1.00551.S,1,1
2018.1.00556.S,2,1
2018.1.00557.S,-1,0
2018.1.00558.S,0,1
2018.1.00562.S,-1,0
2018.1.00564.S,1,1
2018.1.00566.S,0,1
2018.1.00567.S,-1,0
2018.1.00568.S,-1,0
2018.1.00570.S,-1,0
2018.1.00575.S,0,1
2018.1.00576.S,-3,0
2018.1.00579.T,-2,0
2018.1.00581.S,2,1
2018.1.00583.S,-1,0
2018.1.00585.S,1,1
2018.1.00588.S,0,1
2018.1.00589.S,2,1
2018.1.00591.S,0,1
2018.1.00596.S,0,1
2018.1.00597.S,-2,0
2018.1.00606.S,-4,0
2018.1.00612.S,0,1
2018.1.00614.S,0,1
2018.1.00616.S,0,1
2018.1.00618.S,-2,0
2018.1.00621.S,-1,0
2018.1.00622.S,1,1
2018.1.00625.S,1,1
2018.1.00627.S,1,1
2018.1.00632.S,2,1
2018.1.00633.S,0,1
2018.1.00635.S,1,1
2018.1.00638.S,3,1
2018.1.00641.S,1,1
2018.1.00649.S,1,1
2018.1.00656.S,1,1
2018.1.00657.S,1,1
2018.1.00659.L,1,1
2018.1.00663.S,1,1
2018.1.00668.S,0,1
2018.1.00680.S,-1,0
2018.1.00681.S,-1,0
2018.1.00682.S,-1,0
2018.1.00684.S,1,1
2018.1.00689.S,0,1
2018.1.00692.S,1,1
2018.1.00697.S,1,1
2018.1.00699.S,2,1
2018.1.00701.S,0,1
2018.1.00704.S,1,1
2018.1.00707.S,-2,0
2018.1.00717.S,-2,0
2018.1.00738.S,1,1
2018.1.00739.S,-1,0
2018.1.00744.S,0,1
2018.1.00745.S,1,1
2018.1.00747.S,0,1
2018.1.00749.S,1,1
2018.1.00750.S,1,1
2018.1.00753.S,1,1
2018.1.00756.S,0,1
2018.1.00763.S,1,1
2018.1.00765.S,2,1
2018.1.00769.S,-3,0
2018.1.00770.S,1,1
2018.1.00771.S,1,1
2018.1.00775.S,0,1
2018.1.00779.S,0,1
2018.1.00781.S,1,1
2018.1.00794.S,1,1
2018.1.00797.S,2,1
2018.1.00799.S,1,1
2018.1.00802.S,-2,0
2018.1.00804.S,1,1
2018.1.00810.S,0,1
2018.1.00812.S,-1,0
2018.1.00813.S,1,1
2018.1.00814.S,1,1
2018.1.00815.S,1,1
2018.1.00816.S,0,1
2018.1.00824.S,1,1
2018.1.00827.S,-1,0
2018.1.00828.S,-1,0
2018.1.00836.S,1,1
2018.1.00850.S,1,1
2018.1.00858.S,-1,0
2018.1.00859.S,1,1
2018.1.00861.S,3,1
2018.1.00862.S,1,1
2018.1.00864.S,1,1
2018.1.00870.S,0,1
2018.1.00874.S,-1,0
2018.1.00876.S,1,1
2018.1.00879.S,1,1
2018.1.00883.S,1,1
2018.1.00888.S,1,1
2018.1.00896.S,-1,0
2018.1.00897.S,1,1
2018.1.00900.S,1,1
2018.1.00908.S,1,1
2018.1.00915.S,-1,0
2018.1.00917.S,-1,0
2018.1.00921.S,-1,0
2018.1.00922.S,-3,0
2018.1.00929.S,-1,0
2018.1.00932.S,-1,0
2018.1.00933.S,-1,0
2018.1.00934.S,0,1
2018.1.00935.S,2,1
2018.1.00938.S,-1,0
2018.1.00939.S,0,1
2018.1.00940.S,0,1
2018.1.00945.S,0,1
2018.1.00947.S,0,1
2018.1.00948.S,1,1
2018.1.00951.S,-1,0
2018.1.00958.S,0,1
2018.1.00962.S,2,1
2018.1.00966.S,-4,0
2018.1.00973.S,1,1
2018.1.00974.S,0,1
2018.1.00976.S,-2,0
2018.1.00978.S,0,1
2018.1.00980.S,0,1
2018.1.00981.S,0,1
2018.1.00982.S,0,1
2018.1.00986.S,1,1
2018.1.00992.S,-1,0
2018.1.00994.S,-1,0
2018.1.00998.S,0,1
2018.1.01001.S,0,1
2018.1.01003.S,1,1
2018.1.01006.S,1,1
2018.1.01008.S,0,1
2018.1.01010.S,1,1
2018.1.01014.S,1,1
2018.1.01016.S,0,1
2018.1.01020.S,1,1
2018.1.01023.S,0,1
2018.1.01030.S,1,1
2018.1.01031.S,4,1
2018.1.01034.T,4,1
2018.1.01035.T,1,1
2018.1.01037.S,1,1
2018.1.01038.S,1,1
2018.1.01044.S,-2,0
2018.1.01050.S,0,1
2018.1.01054.S,0,1
2018.1.01055.L,2,1
2018.1.01056.S,0,1
2018.1.01060.S,0,1
2018.1.01064.S,0,1
2018.1.01066.S,0,1
2018.1.01070.S,1,1
2018.1.01073.S,1,1
2018.1.01077.S,1,1
2018.1.01079.S,1,1
2018.1.01081.S,1,1
2018.1.01088.S,-1,0
2018.1.01089.S,0,1
2018.1.01091.S,0,1
2018.1.01095.S,3,1
2018.1.01103.S,1,1
2018.1.01104.S,-3,0
2018.1.01106.S,0,1
2018.1.01107.S,1,1
2018.1.01112.S,1,1
2018.1.01113.S,0,1
2018.1.01114.S,2,1
2018.1.01115.S,1,1
2018.1.01119.S,0,1
2018.1.01123.S,0,1
2018.1.01124.S,1,1
2018.1.01128.S,1,1
2018.1.01131.S,1,1
2018.1.01135.S,1,1
2018.1.01136.S,1,1
2018.1.01140.S,-2,0
2018.1.01142.S,-1,0
2018.1.01146.S,-1,0
2018.1.01149.S,-3,0
2018.1.01152.S,1,1
2018.1.01162.S,0,1
2018.1.01171.S,1,1
2018.1.01172.S,0,1
2018.1.01173.S,0,1
2018.1.01177.S,-1,0
2018.1.01178.S,1,1
2018.1.01188.S,1,1
2018.1.01190.S,1,1
2018.1.01193.T,-2,0
2018.1.01194.S,1,1
2018.1.01198.S,-1,0
2018.1.01201.S,0,1
2018.1.01205.L,2,1
2018.1.01208.S,0,1
2018.1.01210.S,0,1
2018.1.01218.S,-1,0
2018.1.01222.S,0,1
2018.1.01225.S,0,1
2018.1.01230.S,0,1
2018.1.01231.S,-1,0
2018.1.01236.S,2,1
2018.1.01237.S,0,1
2018.1.01239.S,1,1
2018.1.01240.S,0,1
2018.1.01241.S,1,1
2018.1.01242.S,0,1
2018.1.01243.S,1,1
2018.1.01246.S,0,1
2018.1.01253.S,1,1
2018.1.01254.S,1,1
2018.1.01255.S,0,1
2018.1.01259.S,1,1
2018.1.01264.S,0,1
2018.1.01271.S,-1,0
2018.1.01276.S,2,1
2018.1.01281.S,-1,0
2018.1.01284.S,0,1
2018.1.01288.S,1,1
2018.1.01289.S,1,1
2018.1.01290.S,0,1
2018.1.01291.S,0,1
2018.1.01292.S,-1,0
2018.1.01295.S,-2,0
2018.1.01301.S,-1,0
2018.1.01302.S,0,1
2018.1.01305.S,0,1
2018.1.01306.S,1,1
2018.1.01309.S,0,1
2018.1.01311.S,1,1
2018.1.01312.S,0,1
2018.1.01318.S,1,1
2018.1.01319.S,0,1
2018.1.01321.S,0,1
2018.1.01330.S,0,1
2018.1.01332.S,0,1
2018.1.01334.S,2,1
2018.1.01336.S,1,1
2018.1.01344.S,1,1
2018.1.01347.S,0,1
2018.1.01358.S,-2,0
2018.1.01359.S,2,1
2018.1.01366.S,1,1
2018.1.01368.S,-1,0
2018.1.01374.S,0,1
2018.1.01381.S,0,1
2018.1.01395.S,1,1
2018.1.01405.T,-1,0
2018.1.01406.S,-1,0
2018.1.01409.S,-1,0
2018.1.01410.T,-2,0
2018.1.01420.S,1,1
2018.1.01427.S,1,1
2018.1.01429.S,0,1
2018.1.01434.S,2,1
2018.1.01438.S,1,1
2018.1.01440.S,1,1
2018.1.01441.S,1,1
2018.1.01447.S,-1,0
2018.1.01449.S,1,1
2018.1.01454.T,-1,0
2018.1.01458.S,0,1
2018.1.01461.S,1,1
2018.1.01464.S,0,1
2018.1.01465.V,1,1
2018.1.01471.S,0,1
2018.1.01476.S,-1,0
2018.1.01485.S,1,1
2018.1.01488.S,2,1
2018.1.01496.S,0,1
2018.1.01503.S,1,1
2018.1.01506.S,2,1
2018.1.01510.S,1,1
2018.1.01517.T,-1,0
2018.1.01518.S,-2,0
2018.1.01521.S,1,1
2018.1.01524.S,1,1
2018.1.01526.S,0,1
2018.1.01530.S,1,1
2018.1.01532.S,0,1
2018.1.01533.S,-1,0
2018.1.01536.S,-1,0
2018.1.01538.S,2,1
2018.1.01540.S,-1,0
2018.1.01545.S,0,1
2018.1.01551.S,1,1
2018.1.01559.S,0,1
2018.1.01561.S,2,1
2018.1.01563.S,0,1
2018.1.01565.S,0,1
2018.1.01575.S,0,1
2018.1.01577.S,0,1
2018.1.01585.S,0,1
2018.1.01591.S,-1,0
2018.1.01594.S,1,1
2018.1.01598.S,0,1
2018.1.01599.S,0,1
2018.1.01601.S,1,1
2018.1.01605.S,0,1
2018.1.01616.S,-1,0
2018.1.01617.T,-1,0
2018.1.01623.S,0,1
2018.1.01625.S,0,1
2018.1.01630.S,0,1
2018.1.01631.S,0,1
2018.1.01634.S,0,1
2018.1.01635.S,-1,0
2018.1.01639.S,2,1
2018.1.01644.S,1,1
2018.1.01647.S,3,1
2018.1.01651.S,1,1
2018.1.01652.T,-2,0
2018.1.01656.S,2,1
2018.1.01660.S,1,1
2018.1.01669.S,2,1
2018.1.01670.S,2,1
2018.1.01673.S,0,1
2018.1.01679.S,2,1
2018.1.01684.S,1,1
2018.1.01687.S,1,1
2018.1.01691.S,1,1
2018.1.01695.S,1,1
2018.1.01702.S,-1,0
2018.1.01710.S,2,1
2018.1.01716.S,-1,0
2018.1.01717.S,-1,0
2018.1.01720.S,0,1
2018.1.01726.S,1,1
2018.1.01737.S,-1,0
2018.1.01739.S,0,1
2018.1.01740.S,1,1
2018.1.01750.S,0,1
2018.1.01753.S,0,1
2018.1.01754.S,1,1
2018.1.01755.S,0,1
2018.1.01759.S,-1,0
2018.1.01763.S,-2,0
2018.1.01766.T,-1,0
2018.1.01767.S,-1,0
2018.1.01774.S,1,1
2018.1.01778.S,0,1
2018.1.01780.S,0,1
2018.1.01782.S,0,1
2018.1.01783.S,1,1
2018.1.01784.S,0,1
2018.1.01787.S,1,1
2018.1.01790.S,-1,0
2018.1.01804.S,0,1
2018.1.01806.S,-3,0
2018.1.01812.S,0,1
2018.1.01817.S,-1,0
2018.1.01822.S,0,1
2018.1.01824.S,1,1
2018.1.01826.S,-3,0
2018.1.01829.S,0,1
2018.1.01830.S,0,1
2018.1.01831.S,1,1
2018.1.01833.S,0,1
2018.1.01841.S,1,1
2018.1.01851.S,0,1
2018.1.01852.S,0,1
2018.1.01864.S,0,1
2018.1.01868.S,1,1
2018.1.01869.S,1,1
2018.1.01871.S,-2,0
2018.1.01873.S,-2,0
2018.1.01879.S,-2,0
2018.1.01885.S,0,1
2018.A.00003.S,-1,0
2018.A.00009.S,-1,0
2018.A.00020.T,1,1
2018.A.00021.S,1,1
2018.A.00022.S,0,1
2018.A.00023.S,1,1
2018.A.00026.S,0,1
2018.A.00030.S,0,1
2018.A.00031.T,3,1
2018.A.00037.S,0,1
2018.A.00038.S,-2,0
2018.A.00046.S,-1,0
2018.A.00047.S,2,1
2018.A.00049.S,1,1
2018.A.00050.T,1,1
2018.A.00051.S,0,1
2018.A.00052.S,1,1
2018.A.00055.S,0,1
2018.A.00056.S,0,1
2018.A.00058.S,0,1
2018.A.00061.S,0,1
2018.A.00062.S,0,1
2018.A.00063.S,2,1
2018.A.00064.T,-1,0
2018.A.00065.T,0,1
2018.A.00066.T,1,1
2018.A.00068.T,1,1
2019.1.00003.S,0,1
2019.1.00008.S,0,1
2019.1.00013.S,3,1
2019.1.00014.S,2,1
2019.1.00019.S,1,1
2019.1.00021.S,1,1
2019.1.00026.S,1,1
2019.1.00027.S,4,1
2019.1.00036.S,1,1
2019.1.00037.S,1,1
2019.1.00039.S,1,1
2019.1.00041.S,-1,0
2019.1.00059.S,0,1
2019.1.00061.S,-1,0
2019.1.00063.S,1,1
2019.1.00074.S,1,1
2019.1.00080.S,1,1
2019.1.00086.S,1,1
2019.1.00087.S,1,1
2019.1.00092.S,3,1
2019.1.00097.S,0,1
2019.1.00102.S,2,1
2019.1.00110.S,1,1
2019.1.00111.S,2,1
2019.1.00113.S,1,1
2019.1.00120.S,0,1
2019.1.00129.S,1,1
2019.1.00130.S,1,1
2019.1.00134.S,-2,0
2019.1.00145.S,1,1
2019.1.00146.S,0,1
2019.1.00147.S,1,1
2019.1.00151.S,1,1
2019.1.00156.S,1,1
2019.1.00165.S,1,1
2019.1.00166.S,1,1
2019.1.00171.S,1,1
2019.1.00177.S,1,1
2019.1.00178.S,1,1
2019.1.00183.V,1,1
2019.1.00187.S,1,1
2019.1.00188.S,1,1
2019.1.00189.S,-1,0
2019.1.00193.S,1,1
2019.1.00195.L,1,1
2019.1.00202.S,-1,0
2019.1.00203.S,-1,0
2019.1.00205.S,1,1
2019.1.00216.S,1,1
2019.1.00218.S,0,1
2019.1.00219.S,1,1
2019.1.00221.S,0,1
2019.1.00226.S,1,1
2019.1.00227.S,-1,0
2019.1.00232.S,2,1
2019.1.00233.S,-1,0
2019.1.00236.S,1,1
2019.1.00244.S,-1,0
2019.1.00245.S,1,1
2019.1.00246.S,1,1
2019.1.00251.S,0,1
2019.1.00253.S,0,1
2019.1.00255.S,1,1
2019.1.00260.S,0,1
2019.1.00261.L,1,1
2019.1.00263.S,1,1
2019.1.00271.S,0,1
2019.1.00273.S,0,1
2019.1.00292.S,1,1
2019.1.00297.S,0,1
2019.1.00299.S,1,1
2019.1.00312.S,0,1
2019.1.00313.S,-1,0
2019.1.00315.S,1,1
2019.1.00320.S,-2,0
2019.1.00327.S,1,1
2019.1.00328.S,1,1
2019.1.00329.S,1,1
2019.1.00332.S,0,1
2019.1.00337.S,1,1
2019.1.00343.S,-1,0
2019.1.00347.S,1,1
2019.1.00350.T,-1,0
2019.1.00362.S,1,1
2019.1.00363.S,0,1
2019.1.00373.S,0,1
2019.1.00377.S,1,1
2019.1.00379.S,2,1
2019.1.00386.T,1,1
2019.1.00393.S,1,1
2019.1.00397.S,1,1
2019.1.00399.S,-1,0
2019.1.00402.S,1,1
2019.1.00403.S,-1,0
2019.1.00407.S,0,1
2019.1.00411.S,0,1
2019.1.00414.S,0,1
2019.1.00416.S,1,1
2019.1.00419.S,0,1
2019.1.00426.S,1,1
2019.1.00432.S,1,1
2019.1.00437.S,1,1
2019.1.00447.S,0,1
2019.1.00454.S,-2,0
2019.1.00458.S,1,1
2019.1.00459.S,-1,0
2019.1.00462.S,1,1
2019.1.00463.S,2,1
2019.1.00466.S,1,1
2019.1.00467.S,1,1
2019.1.00471.S,0,1
2019.1.00473.S,1,1
2019.1.00475.S,0,1
2019.1.00476.S,0,1
2019.1.00477.S,-1,0
2019.1.00479.S,0,1
2019.1.00486.S,2,1
2019.1.00492.S,1,1
2019.1.00493.S,0,1
2019.1.00496.S,0,1
2019.1.00500.S,1,1
2019.1.00502.S,1,1
2019.1.00507.S,1,1
2019.1.00512.S,1,1
2019.1.00516.S,-2,0
2019.1.00517.S,1,1
2019.1.00523.S,0,1
2019.1.00526.S,0,1
2019.1.00532.S,0,1
2019.1.00533.S,2,1
2019.1.00534.S,0,1
2019.1.00558.S,1,1
2019.1.00562.S,0,1
2019.1.00564.S,0,1
2019.1.00566.S,1,1
2019.1.00567.S,1,1
2019.1.00570.S,1,1
2019.1.00571.S,1,1
2019.1.00572.S,1,1
2019.1.00574.S,1,1
2019.1.00577.S,-1,0
2019.1.00579.S,-1,0
2019.1.00580.S,-3,0
2019.1.00582.S,0,1
2019.1.00590.S,1,1
2019.1.00592.S,1,1
2019.1.00597.S,0,1
2019.1.00603.S,0,1
2019.1.00607.S,1,1
2019.1.00613.S,0,1
2019.1.00618.S,0,1
2019.1.00623.S,1,1
2019.1.00634.S,-2,0
2019.1.00636.V,1,1
2019.1.00639.S,3,1
2019.1.00641.S,1,1
2019.1.00642.S,2,1
2019.1.00652.S,0,1
2019.1.00657.S,0,1
2019.1.00661.S,1,1
2019.1.00663.S,-2,0
2019.1.00665.S,1,1
2019.1.00672.S,-2,0
2019.1.00673.S,-1,0
2019.1.00678.S,0,1
2019.1.00685.S,1,1
2019.1.00691.S,1,1
2019.1.00696.S,0,1
2019.1.00700.S,-1,0
2019.1.00702.S,0,1
2019.1.00703.S,2,1
2019.1.00708.S,2,1
2019.1.00711.S,0,1
2019.1.00713.S,1,1
2019.1.00720.S,0,1
2019.1.00722.S,1,1
2019.1.00730.S,0,1
2019.1.00732.S,1,1
2019.1.00736.S,-1,0
2019.1.00738.S,0,1
2019.1.00741.S,1,1
2019.1.00743.S,1,1
2019.1.00746.S,1,1
2019.1.00756.S,1,1
2019.1.00760.T,-2,0
2019.1.00761.S,1,1
2019.1.00763.L,1,1
2019.1.00768.S,3,1
2019.1.00769.S,0,1
2019.1.00771.S,1,1
2019.1.00779.S,-2,0
2019.1.00783.S,1,1
2019.1.00790.S,1,1
2019.1.00796.S,2,1
2019.1.00799.S,1,1
2019.1.00801.S,1,1
2019.1.00807.S,-1,0
2019.1.00811.S,0,1
2019.1.00837.S,0,1
2019.1.00838.S,2,1
2019.1.00840.S,2,1
2019.1.00843.S,1,1
2019.1.00847.S,0,1
2019.1.00850.S,1,1
2019.1.00851.S,1,1
2019.1.00853.S,0,1
2019.1.00854.S,2,1
2019.1.00862.S,0,1
2019.1.00863.T,-1,0
2019.1.00876.S,0,1
2019.1.00877.S,1,1
2019.1.00883.S,1,1
2019.1.00894.S,0,1
2019.1.00900.S,1,1
2019.1.00904.T,-1,0
2019.1.00905.S,0,1
2019.1.00909.S,1,1
2019.1.00910.S,2,1
2019.1.00912.S,2,1
2019.1.00914.S,1,1
2019.1.00915.S,1,1
2019.1.00919.S,1,1
2019.1.00927.S,0,1
2019.1.00931.S,1,1
2019.1.00933.S,0,1
2019.1.00946.S,1,1
2019.1.00948.S,0,1
2019.1.00949.S,2,1
2019.1.00951.S,1,1
2019.1.00959.S,-1,0
2019.1.00964.S,-1,0
2019.1.00994.S,3,1
2019.1.01003.S,1,1
2019.1.01008.T,1,1
2019.1.01010.S,0,1
2019.1.01012.S,-1,0
2019.1.01016.T,-3,0
2019.1.01022.S,0,1
2019.1.01025.S,1,1
2019.1.01026.S,-1,0
2019.1.01027.S,-1,0
2019.1.01030.S,0,1
2019.1.01031.S,1,1
2019.1.01032.T,-2,0
2019.1.01034.S,-1,0
2019.1.01039.S,0,1
2019.1.01050.S,0,1
2019.1.01051.S,-1,0
2019.1.01056.S,0,1
2019.1.01059.S,-1,0
2019.1.01063.S,0,1
2019.1.01068.S,1,1
2019.1.01069.S,0,1
2019.1.01070.S,1,1
2019.1.01071.S,0,1
2019.1.01072.S,1,1
2019.1.01074.S,2,1
2019.1.01075.S,1,1
2019.1.01085.T,-3,0
2019.1.01091.S,0,1
2019.1.01094.S,0,1
2019.1.01098.S,2,1
2019.1.01102.S,1,1
2019.1.01108.S,-4,0
2019.1.01111.S,-1,0
2019.1.01117.S,1,1
2019.1.01118.S,1,1
2019.1.01124.S,0,1
2019.1.01127.S,-1,0
2019.1.01128.S,1,1
2019.1.01130.S,-1,0
2019.1.01131.S,-1,0
2019.1.01132.S,0,1
2019.1.01135.S,0,1
2019.1.01136.S,1,1
2019.1.01138.S,0,1
2019.1.01142.S,-1,0
2019.1.01144.S,2,1
2019.1.01148.S,-1,0
2019.1.01153.S,1,1
2019.1.01155.S,-1,0
2019.1.01156.S,0,1
2019.1.01157.T,-2,0
2019.1.01158.S,-1,0
2019.1.01166.T,-2,0
2019.1.01167.S,0,1
2019.1.01172.S,0,1
2019.1.01175.S,0,1
2019.1.01177.S,0,1
2019.1.01178.S,0,1
2019.1.01181.S,-1,0
2019.1.01182.S,0,1
2019.1.01184.S,3,1
2019.1.01186.S,0,1
2019.1.01187.S,-1,0
2019.1.01190.S,1,1
2019.1.01197.S,-1,0
2019.1.01201.S,0,1
2019.1.01206.S,0,1
2019.1.01209.S,0,1
2019.1.01210.S,0,1
2019.1.01212.S,0,1
2019.1.01216.S,2,1
2019.1.01218.V,1,1
2019.1.01219.S,-1,0
2019.1.01220.S,0,1
2019.1.01222.S,0,1
2019.1.01229.S,2,1
2019.1.01230.S,-1,0
2019.1.01238.S,1,1
2019.1.01240.S,1,1
2019.1.01245.S,-1,0
2019.1.01247.T,-2,0
2019.1.01251.S,1,1
2019.1.01257.S,1,1
2019.1.01259.S,-1,0
2019.1.01266.S,0,1
2019.1.01270.S,1,1
2019.1.01272.S,1,1
2019.1.01275.S,-1,0
2019.1.01279.S,2,1
2019.1.01282.S,1,1
2019.1.01286.S,0,1
2019.1.01291.S,0,1
2019.1.01303.S,2,1
2019.1.01305.S,1,1
2019.1.01307.S,2,1
2019.1.01317.S,0,1
2019.1.01320.S,0,1
2019.1.01324.T,2,1
2019.1.01326.S,2,1
2019.1.01329.S,0,1
2019.1.01337.S,0,1
2019.1.01347.S,-1,0
2019.1.01350.S,1,1
2019.1.01357.S,0,1
2019.1.01359.S,1,1
2019.1.01362.S,0,1
2019.1.01364.S,0,1
2019.1.01365.S,1,1
2019.1.01382.S,0,1
2019.1.01398.S,0,1
2019.1.01400.S,1,1
2019.1.01406.T,-1,0
2019.1.01407.S,1,1
2019.1.01408.S,1,1
2019.1.01422.S,0,1
2019.1.01423.S,1,1
2019.1.01425.S,1,1
2019.1.01427.S,-1,0
2019.1.01436.S,1,1
2019.1.01437.S,1,1
2019.1.01443.T,0,1
2019.1.01446.S,0,1
2019.1.01447.S,1,1
2019.1.01450.S,0,1
2019.1.01457.S,0,1
2019.1.01461.S,1,1
2019.1.01463.S,1,1
2019.1.01472.S,1,1
2019.1.01477.S,2,1
2019.1.01482.T,-1,0
2019.1.01484.T,-1,0
2019.1.01491.S,-1,0
2019.1.01492.S,1,1
2019.1.01500.S,-1,0
2019.1.01509.S,1,1
2019.1.01514.S,-3,0
2019.1.01517.S,0,1
2019.1.01524.S,0,1
2019.1.01528.S,3,1
2019.1.01529.S,0,1
2019.1.01532.S,-3,0
2019.1.01537.S,1,1
2019.1.01540.S,1,1
2019.1.01556.S,1,1
2019.1.01558.S,1,1
2019.1.01559.S,2,1
2019.1.01566.S,0,1
2019.1.01587.S,1,1
2019.1.01600.S,-1,0
2019.1.01603.S,0,1
2019.1.01605.S,-1,0
2019.1.01607.S,-1,0
2019.1.01611.S,0,1
2019.1.01612.S,0,1
2019.1.01615.S,0,1
2019.1.01619.S,1,1
2019.1.01633.S,1,1
2019.1.01634.L,1,1
2019.1.01635.S,1,1
2019.1.01636.S,-1,0
2019.1.01637.S,-1,0
2019.1.01639.S,1,1
2019.1.01641.S,1,1
2019.1.01642.S,0,1
2019.1.01663.S,-1,0
2019.1.01664.S,1,1
2019.1.01666.S,0,1
2019.1.01676.S,1,1
2019.1.01677.S,1,1
2019.1.01681.S,-1,0
2019.1.01683.S,1,1
2019.1.01693.S,1,1
2019.1.01695.S,2,1
2019.1.01701.S,0,1
2019.1.01702.S,2,1
2019.1.01707.S,0,1
2019.1.01709.S,-3,0
2019.1.01710.S,0,1
2019.1.01714.S,1,1
2019.1.01718.S,0,1
2019.1.01719.S,1,1
2019.1.01720.S,1,1
2019.1.01721.S,0,1
2019.1.01722.S,-2,0
2019.1.01728.S,1,1
2019.1.01729.S,2,1
2019.1.01730.S,1,1
2019.1.01739.S,0,1
2019.1.01741.S,1,1
2019.1.01742.S,0,1
2019.1.01750.S,-3,0
2019.1.01757.S,0,1
2019.1.01760.S,1,1
2019.1.01763.S,1,1
2019.1.01768.S,0,1
2019.1.01770.S,1,1
2019.1.01778.S,2,1
2019.1.01779.T,-1,0
2019.1.01781.S,2,1
2019.1.01784.S,-1,0
2019.1.01792.S,0,1
2019.1.01797.V,1,1
2019.1.01802.S,-3,0
2019.1.01804.S,1,1
2019.1.01809.S,1,1
2019.1.01812.V,1,1
2019.1.01813.S,-1,0
2019.1.01822.S,1,1
2019.1.01832.S,-1,0
2019.1.01845.S,1,1
2019.1.01847.S,0,1
2019.1.01848.S,1,1
2019.2.00014.S,0,1
2019.2.00015.S,0,1
2019.2.00027.S,2,1
2019.2.00028.S,1,1
2019.2.00030.S,1,1
2019.2.00031.S,0,1
2019.2.00032.S,-3,0
2019.2.00033.S,1,1
2019.2.00034.S,-2,0
2019.2.00035.S,0,1
2019.2.00037.S,1,1
2019.2.00039.S,0,1
2019.2.00040.S,-1,0
2019.2.00044.S,0,1
2019.2.00052.S,1,1
2019.2.00053.S,1,1
2019.2.00054.S,0,1
2019.2.00055.S,0,1
2019.2.00062.S,3,1
2019.2.00067.S,0,1
2019.2.00068.S,1,1
2019.2.00072.S,1,1
2019.2.00075.S,-1,0
2019.2.00078.S,1,1
2019.2.00081.S,-1,0
2019.2.00082.S,1,1
2019.2.00085.S,-1,0
2019.2.00093.S,1,1
2019.2.00094.S,2,1
2019.2.00096.S,1,1
2019.2.00097.S,2,1
2019.2.00098.S,0,1
2019.2.00110.S,0,1
2019.2.00112.S,1,1
2019.2.00117.S,1,1
2019.2.00118.S,1,1
2019.2.00120.S,2,1
2019.2.00124.S,0,1
2019.2.00125.S,0,1
2019.2.00126.S,2,1
2019.2.00128.S,-3,0
2019.2.00129.S,0,1
2019.2.00132.S,1,1
2019.2.00133.S,1,1
2019.2.00134.S,1,1
2019.2.00135.S,0,1
2019.2.00139.S,1,1
2019.2.00143.S,-3,0
2019.2.00146.S,1,1
2019.2.00155.S,2,1
2019.2.00157.S,1,1
2019.2.00164.S,2,1
2019.2.00166.S,0,1
2019.2.00167.S,-4,0
2019.2.00169.S,0,1
2019.2.00172.S,3,1
2019.2.00178.S,1,1
2019.2.00190.S,0,1
2019.2.00194.S,-1,0
2019.2.00208.S,0,1
2019.2.00212.S,0,1
2019.2.00218.S,2,1
2019.2.00227.S,1,1
2019.2.00230.S,0,1
2019.2.00232.S,1,1
2019.2.00234.S,1,1
2019.2.00235.S,0,1
2019.2.00236.S,1,1
2019.2.00238.S,-1,0
2019.2.00246.S,-2,0
2019.2.00249.S,1,1
2019.2.00252.S,0,1
2019.A.00002.S,4,1
2019.A.00003.T,-1,0
2019.A.00006.T,-2,0
2019.A.00008.S,0,1
2019.A.00015.S,1,1
2019.A.00017.S,1,1
2019.A.00019.S,1,1
2019.A.00023.S,1,1
2019.A.00025.S,1,1
2019.A.00028.S,3,1
2019.A.00034.S,1,1
2019.A.00036.S,-1,0
2019.A.00038.T,-1,0
2019.A.00040.S,0,1
2019.A.00041.T,-1,0
2021.1.00013.S,1,1
2021.1.00018.S,-2,0
2021.1.00024.S,3,1
2021.1.00026.S,-1,0
2021.1.00027.S,2,1
2021.1.00033.S,1,1
2021.1.00040.S,1,1
2021.1.00041.S,1,1
2021.1.00045.S,1,1
2021.1.00046.S,1,1
2021.1.00055.S,0,1
2021.1.00059.S,2,1
2021.1.00067.S,-1,0
2021.1.00071.S,-1,0
2021.1.00075.S,1,1
2021.1.00079.S,1,1
2021.1.00094.S,0,1
2021.1.00095.S,1,1
2021.1.00099.S,0,1
2021.1.00100.S,1,1
2021.1.00104.S,-1,0
2021.1.00105.S,2,1
2021.1.00115.S,1,1
2021.1.00116.S,3,1
2021.1.00120.S,0,1
2021.1.00128.L,2,1
2021.1.00133.S,1,1
2021.1.00134.S,1,1
2021.1.00135.S,1,1
2021.1.00138.S,1,1
2021.1.00143.S,1,1
2021.1.00162.S,1,1
2021.1.00168.S,4,1
2021.1.00172.L,1,1
2021.1.00178.S,1,1
2021.1.00181.S,1,1
2021.1.00182.S,2,1
2021.1.00186.S,2,1
2021.1.00199.S,1,1
2021.1.00200.S,1,1
2021.1.00201.S,0,1
2021.1.00207.S,1,1
2021.1.00211.S,0,1
2021.1.00214.S,1,1
2021.1.00219.S,1,1
2021.1.00222.S,1,1
2021.1.00225.S,-1,0
2021.1.00246.S,-1,0
2021.1.00247.S,3,1
2021.1.00252.S,-1,0
2021.1.00262.S,1,1
2021.1.00265.S,-3,0
2021.1.00267.S,1,1
2021.1.00272.S,-2,0
2021.1.00273.S,1,1
2021.1.00276.S,2,1
2021.1.00279.S,1,1
2021.1.00280.L,1,1
2021.1.00285.S,1,1
2021.1.00286.S,1,1
2021.1.00287.S,-1,0
2021.1.00306.S,2,1
2021.1.00310.S,0,1
2021.1.00311.S,1,1
2021.1.00313.S,1,1
2021.1.00315.S,1,1
2021.1.00318.S,-1,0
2021.1.00319.S,2,1
2021.1.00327.S,0,1
2021.1.00330.S,0,1
2021.1.00341.S,2,1
2021.1.00342.S,1,1
2021.1.00343.S,0,1
2021.1.00344.S,0,1
2021.1.00345.S,-1,0
2021.1.00347.S,0,1
2021.1.00348.S,1,1
2021.1.00349.S,2,1
2021.1.00353.S,0,1
2021.1.00357.S,2,1
2021.1.00363.S,1,1
2021.1.00364.S,1,1
2021.1.00367.S,0,1
2021.1.00374.S,1,1
2021.1.00377.S,1,1
2021.1.00378.S,-2,0
2021.1.00379.S,1,1
2021.1.00389.S,1,1
2021.1.00390.S,1,1
2021.1.00393.S,1,1
2021.1.00398.S,1,1
2021.1.00401.S,1,1
2021.1.00403.S,0,1
2021.1.00407.S,2,1
2021.1.00409.S,2,1
2021.1.00418.S,1,1
2021.1.00421.S,1,1
2021.1.00424.S,1,1
2021.1.00435.S,-1,0
2021.1.00439.S,2,1
2021.1.00442.S,1,1
2021.1.00443.S,0,1
2021.1.00447.S,-2,0
2021.1.00450.S,1,1
2021.1.00452.S,1,1
2021.1.00455.T,1,1
2021.1.00456.S,0,1
2021.1.00458.S,-1,0
2021.1.00473.S,1,1
2021.1.00474.S,-1,0
2021.1.00483.S,1,1
2021.1.00485.S,0,1
2021.1.00486.S,1,1
2021.1.00490.S,1,1
2021.1.00499.S,-1,0
2021.1.00501.S,-1,0
2021.1.00505.S,-1,0
2021.1.00508.S,3,1
2021.1.00511.S,0,1
2021.1.00518.S,0,1
2021.1.00520.S,1,1
2021.1.00531.S,1,1
2021.1.00535.S,1,1
2021.1.00536.S,1,1
2021.1.00546.S,3,1
2021.1.00547.S,1,1
2021.1.00548.S,4,1
2021.1.00552.S,1,1
2021.1.00560.S,1,1
2021.1.00575.S,0,1
2021.1.00576.S,1,1
2021.1.00581.S,1,1
2021.1.00586.S,1,1
2021.1.00588.S,1,1
2021.1.00590.S,1,1
2021.1.00591.S,1,1
2021.1.00602.S,1,1
2021.1.00607.S,2,1
2021.1.00614.S,-1,0
2021.1.00621.S,0,1
2021.1.00629.S,0,1
2021.1.00637.S,1,1
2021.1.00657.T,-1,0
2021.1.00658.T,-1,0
2021.1.00666.S,0,1
2021.1.00668.S,1,1
2021.1.00675.S,0,1
2021.1.00686.S,1,1
2021.1.00690.S,0,1
2021.1.00693.S,1,1
2021.1.00700.S,1,1
2021.1.00701.S,-2,0
2021.1.00704.S,3,1
2021.1.00705.S,-1,0
2021.1.00709.S,1,1
2021.1.00713.S,1,1
2021.1.00715.S,1,1
2021.1.00720.S,1,1
2021.1.00723.S,3,1
2021.1.00726.S,1,1
2021.1.00727.S,1,1
2021.1.00728.S,1,1
2021.1.00736.S,1,1
2021.1.00738.S,1,1
2021.1.00739.S,1,1
2021.1.00740.S,1,1
2021.1.00754.S,1,1
2021.1.00761.S,0,1
2021.1.00765.S,1,1
2021.1.00766.S,0,1
2021.1.00767.V,1,1
2021.1.00769.S,1,1
2021.1.00776.S,1,1
2021.1.00782.S,1,1
2021.1.00783.S,1,1
2021.1.00793.S,2,1
2021.1.00798.S,-1,0
2021.1.00799.S,4,1
2021.1.00800.S,1,1
2021.1.00802.S,1,1
2021.1.00812.S,0,1
2021.1.00814.S,1,1
2021.1.00815.S,2,1
2021.1.00822.S,0,1
2021.1.00828.S,1,1
2021.1.00838.S,0,1
2021.1.00844.S,1,1
2021.1.00847.S,1,1
2021.1.00849.S,1,1
2021.1.00850.S,1,1
2021.1.00854.S,1,1
2021.1.00857.S,1,1
2021.1.00860.T,2,1
2021.1.00862.S,0,1
2021.1.00869.L,1,1
2021.1.00871.S,0,1
2021.1.00874.S,1,1
2021.1.00879.S,0,1
2021.1.00889.V,1,1
2021.1.00898.S,1,1
2021.1.00899.S,1,1
2021.1.00906.V,1,1
2021.1.00910.V,1,1
2021.1.00911.T,2,1
2021.1.00912.S,1,1
2021.1.00913.S,1,1
2021.1.00914.S,1,1
2021.1.00917.S,-2,0
2021.1.00927.S,1,1
2021.1.00932.S,1,1
2021.1.00934.S,1,1
2021.1.00935.S,0,1
2021.1.00960.S,1,1
2021.1.00966.S,-1,0
2021.1.00970.S,0,1
2021.1.00982.S,1,1
2021.1.00988.S,0,1
2021.1.00994.S,0,1
2021.1.00999.S,0,1
2021.1.01002.S,0,1
2021.1.01005.S,-1,0
2021.1.01006.S,1,1
2021.1.01014.S,0,1
2021.1.01015.S,1,1
2021.1.01018.S,2,1
2021.1.01019.S,0,1
2021.1.01021.S,-1,0
2021.1.01034.S,1,1
2021.1.01041.S,-2,0
2021.1.01047.S,1,1
2021.1.01050.S,2,1
2021.1.01052.S,1,1
2021.1.01054.S,1,1
2021.1.01056.S,1,1
2021.1.01058.S,1,1
2021.1.01063.S,-1,0
2021.1.01065.S,5,1
2021.1.01070.S,1,1
2021.1.01075.S,1,1
2021.1.01081.S,1,1
2021.1.01082.S,2,1
2021.1.01083.S,1,1
2021.1.01087.S,1,1
2021.1.01089.S,0,1
2021.1.01092.S,0,1
2021.1.01098.S,0,1
2021.1.01099.S,1,1
2021.1.01100.S,1,1
2021.1.01112.S,1,1
2021.1.01116.S,3,1
2021.1.01123.L,1,1
2021.1.01126.S,2,1
2021.1.01130.S,0,1
2021.1.01133.S,-1,0
2021.1.01137.S,0,1
2021.1.01142.S,1,1
2021.1.01147.S,-1,0
2021.1.01150.S,0,1
2021.1.01156.V,1,1
2021.1.01159.S,1,1
2021.1.01164.S,1,1
2021.1.01172.S,1,1
2021.1.01179.S,2,1
2021.1.01183.S,-1,0
2021.1.01188.S,1,1
2021.1.01195.S,2,1
2021.1.01197.S,1,1
2021.1.01205.S,0,1
2021.1.01207.S,0,1
2021.1.01208.T,1,1
2021.1.01209.S,-1,0
2021.1.01210.T,-2,0
2021.1.01212.S,0,1
2021.1.01216.S,1,1
2021.1.01221.S,1,1
2021.1.01233.S,0,1
2021.1.01246.S,3,1
2021.1.01247.S,-2,0
2021.1.01257.S,-1,0
2021.1.01259.S,1,1
2021.1.01262.S,1,1
2021.1.01291.S,1,1
2021.1.01295.S,0,1
2021.1.01297.S,1,1
2021.1.01305.S,0,1
2021.1.01307.S,1,1
2021.1.01309.S,1,1
2021.1.01310.S,1,1
2021.1.01311.S,1,1
2021.1.01313.S,-2,0
2021.1.01319.S,1,1
2021.1.01320.S,0,1
2021.1.01322.S,1,1
2021.1.01323.S,1,1
2021.1.01324.V,1,1
2021.1.01328.S,-1,0
2021.1.01337.S,1,1
2021.1.01340.S,0,1
2021.1.01342.S,0,1
2021.1.01350.S,-1,0
2021.1.01356.S,0,1
2021.1.01364.S,2,1
2021.1.01365.S,0,1
2021.1.01366.S,2,1
2021.1.01369.S,0,1
2021.1.01375.S,1,1
2021.1.01378.S,2,1
2021.1.01385.S,1,1
2021.1.01388.S,1,1
2021.1.01389.S,1,1
2021.1.01398.S,-4,0
2021.1.01406.S,0,1
2021.1.01414.S,0,1
2021.1.01415.S,0,1
2021.1.01417.S,0,1
2021.1.01420.S,1,1
2021.1.01431.V,1,1
2021.1.01432.S,2,1
2021.1.01438.S,-2,0
2021.1.01441.S,1,1
2021.1.01458.V,1,1
2021.1.01461.S,-1,0
2021.1.01467.S,1,1
2021.1.01474.S,1,1
2021.1.01477.S,1,1
2021.1.01487.S,0,1
2021.1.01495.S,1,1
2021.1.01496.S,0,1
2021.1.01498.S,0,1
2021.1.01500.S,0,1
2021.1.01503.S,-1,0
2021.1.01515.V,1,1
2021.1.01535.S,0,1
2021.1.01543.S,1,1
2021.1.01545.S,2,1
2021.1.01556.S,1,1
2021.1.01557.S,1,1
2021.1.01561.S,1,1
2021.1.01567.V,1,1
2021.1.01571.S,-2,0
2021.1.01578.S,1,1
2021.1.01580.S,0,1
2021.1.01582.S,-3,0
2021.1.01588.S,0,1
2021.1.01594.S,1,1
2021.1.01603.S,0,1
2021.1.01611.S,-1,0
2021.1.01616.L,0,1
2021.1.01626.S,0,1
2021.1.01628.S,6,1
2021.1.01644.S,1,1
2021.1.01650.S,-3,0
2021.1.01661.S,1,1
2021.1.01676.S,0,1
2021.1.01683.S,1,1
2021.1.01705.S,0,1
2021.1.01706.S,1,1
2021.1.01719.S,-1,0
2021.1.01720.S,0,1
2021.1.01722.S,-2,0
2021.1.01727.S,0,1
2021.2.00001.S,1,1
2021.2.00004.S,0,1
2021.2.00005.S,1,1
2021.2.00006.S,-1,0
2021.2.00008.S,1,1
2021.2.00011.S,-4,0
2021.2.00012.S,2,1
2021.2.00017.S,1,1
2021.2.00019.S,1,1
2021.2.00030.S,2,1
2021.2.00036.S,1,1
2021.2.00039.S,-1,0
2021.2.00046.S,1,1
2021.2.00047.S,-1,0
2021.2.00049.S,2,1
2021.2.00050.S,1,1
2021.2.00052.S,3,1
2021.2.00056.S,1,1
2021.2.00059.S,1,1
2021.2.00062.S,-5,0
2021.2.00064.S,1,1
2021.2.00066.S,1,1
2021.2.00075.S,1,1
2021.2.00077.S,0,1
2021.2.00079.S,1,1
2021.2.00084.S,0,1
2021.2.00088.S,2,1
2021.2.00090.S,-1,0
2021.2.00091.S,0,1
2021.2.00092.S,3,1
2021.2.00094.S,1,1
2021.2.00096.S,1,1
2021.2.00097.S,1,1
2021.2.00099.S,1,1
2021.2.00102.S,0,1
2021.2.00116.S,1,1
2021.2.00118.S,-1,0
2021.2.00119.S,0,1
2021.2.00121.S,0,1
2021.2.00123.S,0,1
2021.2.00129.S,2,1
2021.2.00137.S,1,1
2021.2.00140.S,1,1
2021.2.00147.S,2,1
2021.2.00150.S,0,1
2021.2.00151.S,-3,0
2021.2.00159.S,0,1
2021.2.00164.S,1,1
2021.2.00174.S,1,1
2021.2.00175.S,0,1
2021.2.00176.S,-1,0
2021.2.00177.S,1,1
2021.2.00180.S,-2,0
2021.2.00181.S,1,1
2021.2.00183.S,0,1
2021.2.00185.S,1,1
2021.A.00006.S,1,1
2021.A.00008.S,0,1
2021.A.00013.S,0,1
2021.A.00016.T,-1,0
2021.A.00020.S,1,1
2021.A.00022.S,2,1
2021.A.00023.S,1,1
2021.A.00026.S,-2,0
2021.A.00028.S,1,1
2021.A.00030.S,1,1
2021.A.00031.S,-1,0
2021.A.00034.S,1,1
2022.1.00005.S,1,1
2022.1.00007.S,2,1
2022.1.00012.S,2,1
2022.1.00014.S,2,1
2022.1.00016.S,1,1
2022.1.00017.S,-1,0
2022.1.00021.S,1,1
2022.1.00029.S,-1,0
2022.1.00049.S,-1,0
2022.1.00055.S,3,1
2022.1.00064.S,1,1
2022.1.00067.S,2,1
2022.1.00070.S,1,1
2022.1.00072.S,0,1
2022.1.00073.S,1,1
2022.1.00076.S,-1,0
2022.1.00086.S,2,1
2022.1.00089.S,0,1
2022.1.00090.S,-1,0
2022.1.00098.S,2,1
2022.1.00101.S,-1,0
2022.1.00111.S,-1,0
2022.1.00112.S,0,1
2022.1.00114.S,1,1
2022.1.00115.T,-2,0
2022.1.00119.V,1,1
2022.1.00120.S,2,1
2022.1.00122.S,0,1
2022.1.00126.S,1,1
2022.1.00131.S,2,1
2022.1.00134.S,0,1
2022.1.00139.S,1,1
2022.1.00141.S,0,1
2022.1.00145.S,1,1
2022.1.00152.S,0,1
2022.1.00154.S,0,1
2022.1.00159.S,2,1
2022.1.00160.S,0,1
2022.1.00168.S,0,1
2022.1.00172.S,2,1
2022.1.00174.S,-1,0
2022.1.00175.S,-1,0
2022.1.00179.S,1,1
2022.1.00181.S,2,1
2022.1.00190.S,4,1
2022.1.00193.S,-1,0
2022.1.00194.S,-1,0
2022.1.00195.S,2,1
2022.1.00197.S,1,1
2022.1.00204.S,1,1
2022.1.00207.S,-1,0
2022.1.00209.S,1,1
2022.1.00212.S,-2,0
2022.1.00216.S,2,1
2022.1.00222.S,-1,0
2022.1.00223.S,1,1
2022.1.00224.S,3,1
2022.1.00225.S,1,1
2022.1.00226.S,1,1
2022.1.00236.S,1,1
2022.1.00269.S,1,1
2022.1.00276.S,0,1
2022.1.00281.S,0,1
2022.1.00285.S,1,1
2022.1.00287.S,-1,0
2022.1.00290.S,2,1
2022.1.00295.S,1,1
2022.1.00300.S,1,1
2022.1.00303.S,2,1
2022.1.00311.S,1,1
2022.1.00313.S,0,1
2022.1.00315.S,-3,0
2022.1.00316.L,1,1
2022.1.00319.S,1,1
2022.1.00321.S,2,1
2022.1.00322.S,1,1
2022.1.00326.S,-1,0
2022.1.00328.S,1,1
2022.1.00333.S,0,1
2022.1.00336.S,1,1
2022.1.00338.L,0,1
2022.1.00340.S,0,1
2022.1.00342.S,1,1
2022.1.00343.S,1,1
2022.1.00346.S,-2,0
2022.1.00353.S,2,1
2022.1.00355.S,1,1
2022.1.00359.S,0,1
2022.1.00360.S,1,1
2022.1.00366.V,1,1
2022.1.00367.S,0,1
2022.1.00381.S,0,1
2022.1.00383.S,2,1
2022.1.00386.S,1,1
2022.1.00396.S,-2,0
2022.1.00401.S,0,1
2022.1.00402.S,1,1
2022.1.00403.S,0,1
2022.1.00406.S,0,1
2022.1.00410.S,1,1
2022.1.00413.S,2,1
2022.1.00423.S,2,1
2022.1.00427.S,-1,0
2022.1.00429.S,1,1
2022.1.00432.S,6,1
2022.1.00433.S,1,1
2022.1.00435.S,0,1
2022.1.00438.S,2,1
2022.1.00445.S,2,1
2022.1.00446.S,0,1
2022.1.00450.S,0,1
2022.1.00453.S,1,1
2022.1.00472.S,1,1
2022.1.00474.S,-2,0
2022.1.00477.S,2,1
2022.1.00479.S,1,1
2022.1.00480.S,-1,0
2022.1.00482.S,1,1
2022.1.00485.S,1,1
2022.1.00487.T,2,1
2022.1.00495.S,1,1
2022.1.00499.S,1,1
2022.1.00500.S,-1,0
2022.1.00505.S,0,1
2022.1.00506.S,-7,0
2022.1.00510.S,1,1
2022.1.00513.S,2,1
2022.1.00519.S,0,1
2022.1.00520.V,1,1
2022.1.00522.S,1,1
2022.1.00526.S,2,1
2022.1.00534.S,-1,0
2022.1.00542.S,1,1
2022.1.00545.S,0,1
2022.1.00548.S,1,1
2022.1.00554.S,1,1
2022.1.00578.S,0,1
2022.1.00581.S,1,1
2022.1.00591.S,1,1
2022.1.00592.S,3,1
2022.1.00599.S,-1,0
2022.1.00602.S,-1,0
2022.1.00604.S,0,1
2022.1.00611.S,0,1
2022.1.00624.T,-1,0
2022.1.00638.S,0,1
2022.1.00640.S,0,1
2022.1.00642.S,-1,0
2022.1.00646.S,1,1
2022.1.00657.S,1,1
2022.1.00660.S,1,1
2022.1.00662.S,1,1
2022.1.00664.S,1,1
2022.1.00665.S,2,1
2022.1.00678.S,-1,0
2022.1.00680.S,1,1
2022.1.00687.S,0,1
2022.1.00700.S,1,1
2022.1.00707.S,1,1
2022.1.00710.V,1,1
2022.1.00716.S,1,1
2022.1.00727.S,1,1
2022.1.00728.S,-1,0
2022.1.00729.S,1,1
2022.1.00734.S,2,1
2022.1.00738.S,1,1
2022.1.00742.S,0,1
2022.1.00746.S,0,1
2022.1.00750.V,1,1
2022.1.00760.S,1,1
2022.1.00761.S,0,1
2022.1.00764.S,-1,0
2022.1.00788.S,0,1
2022.1.00793.S,0,1
2022.1.00794.S,0,1
2022.1.00800.S,2,1
2022.1.00802.S,1,1
2022.1.00804.S,1,1
2022.1.00810.S,0,1
2022.1.00817.S,2,1
2022.1.00825.S,1,1
2022.1.00827.S,1,1
2022.1.00828.S,1,1
2022.1.00834.S,1,1
2022.1.00840.S,1,1
2022.1.00853.V,1,1
2022.1.00859.S,1,1
2022.1.00860.S,-1,0
2022.1.00863.S,1,1
2022.1.00873.V,1,1
2022.1.00874.S,1,1
2022.1.00875.L,2,1
2022.1.00884.S,1,1
2022.1.00887.S,1,1
2022.1.00893.S,-2,0
2022.1.00898.S,0,1
2022.1.00905.S,2,1
2022.1.00906.S,0,1
2022.1.00908.S,0,1
2022.1.00911.S,2,1
2022.1.00916.S,3,1
2022.1.00917.S,1,1
2022.1.00919.S,-1,0
2022.1.00931.S,0,1
2022.1.00947.S,-1,0
2022.1.00951.S,1,1
2022.1.00955.S,0,1
2022.1.00958.S,2,1
2022.1.00963.S,2,1
2022.1.00968.S,0,1
2022.1.00971.S,1,1
2022.1.00972.S,1,1
2022.1.00974.S,1,1
2022.1.00986.S,2,1
2022.1.00991.S,1,1
2022.1.00992.S,1,1
2022.1.00995.S,1,1
2022.1.00997.T,2,1
2022.1.00998.S,1,1
2022.1.00999.S,0,1
2022.1.01002.S,2,1
2022.1.01003.S,-1,0
2022.1.01013.S,-2,0
2022.1.01015.S,0,1
2022.1.01030.S,-1,0
2022.1.01034.S,-1,0
2022.1.01039.S,1,1
2022.1.01040.S,0,1
2022.1.01054.V,1,1
2022.1.01055.V,1,1
2022.1.01056.S,0,1
2022.1.01058.S,1,1
2022.1.01070.S,-2,0
2022.1.01071.S,3,1
2022.1.01077.L,1,1
2022.1.01080.S,-2,0
2022.1.01108.S,1,1
2022.1.01118.S,0,1
2022.1.01122.S,1,1
2022.1.01124.S,1,1
2022.1.01131.S,0,1
2022.1.01132.S,1,1
2022.1.01133.S,0,1
2022.1.01134.S,2,1
2022.1.01135.S,1,1
2022.1.01137.S,0,1
2022.1.01138.S,3,1
2022.1.01139.S,1,1
2022.1.01155.S,1,1
2022.1.01158.S,1,1
2022.1.01160.S,1,1
2022.1.01163.S,-1,0
2022.1.01166.S,0,1
2022.1.01173.S,0,1
2022.1.01178.S,1,1
2022.1.01182.T,3,1
2022.1.01187.S,1,1
2022.1.01203.S,1,1
2022.1.01204.S,0,1
2022.1.01213.S,2,1
2022.1.01215.S,-1,0
2022.1.01216.S,-1,0
2022.1.01219.S,2,1
2022.1.01220.S,0,1
2022.1.01232.S,1,1
2022.1.01237.S,1,1
2022.1.01251.S,1,1
2022.1.01253.S,1,1
2022.1.01255.S,1,1
2022.1.01259.S,0,1
2022.1.01262.S,1,1
2022.1.01266.S,-1,0
2022.1.01268.V,2,1
2022.1.01270.S,1,1
2022.1.01282.S,0,1
2022.1.01284.S,0,1
2022.1.01286.S,0,1
2022.1.01293.P,1,1
2022.1.01296.S,-1,0
2022.1.01300.S,1,1
2022.1.01302.S,1,1
2022.1.01307.S,0,1
2022.1.01308.S,0,1
2022.1.01311.S,-2,0
2022.1.01314.S,1,1
2022.1.01324.S,-2,0
2022.1.01326.S,-1,0
2022.1.01334.S,1,1
2022.1.01344.S,1,1
2022.1.01346.S,1,1
2022.1.01348.S,1,1
2022.1.01354.S,1,1
2022.1.01355.S,0,1
2022.1.01356.S,1,1
2022.1.01357.S,2,1
2022.1.01360.S,0,1
2022.1.01363.S,1,1
2022.1.01365.S,0,1
2022.1.01376.S,0,1
2022.1.01380.S,0,1
2022.1.01384.S,0,1
2022.1.01392.S,1,1
2022.1.01399.S,1,1
2022.1.01401.S,1,1
2022.1.01408.S,1,1
2022.1.01411.S,1,1
2022.1.01413.S,1,1
2022.1.01414.S,-1,0
2022.1.01427.S,-1,0
2022.1.01428.V,1,1
2022.1.01433.T,-1,0
2022.1.01437.S,1,1
2022.1.01438.S,1,1
2022.1.01439.S,1,1
2022.1.01460.S,1,1
2022.1.01473.S,1,1
2022.1.01477.S,3,1
2022.1.01479.S,0,1
2022.1.01482.S,1,1
2022.1.01487.S,-5,0
2022.1.01490.S,0,1
2022.1.01493.S,0,1
2022.1.01498.S,0,1
2022.1.01503.S,-2,0
2022.1.01507.S,0,1
2022.1.01515.S,0,1
2022.1.01525.S,1,1
2022.1.01531.S,1,1
2022.1.01536.S,2,1
2022.1.01538.S,0,1
2022.1.01544.S,-1,0
2022.1.01553.S,-1,0
2022.1.01556.S,1,1
2022.1.01558.S,1,1
2022.1.01562.S,1,1
2022.1.01564.S,0,1
2022.1.01565.S,1,1
2022.1.01566.S,3,1
2022.1.01570.S,1,1
2022.1.01572.S,0,1
2022.1.01576.S,1,1
2022.1.01587.S,1,1
2022.1.01591.S,3,1
2022.1.01595.S,1,1
2022.1.01603.S,1,1
2022.1.01604.S,-1,0
2022.1.01608.S,3,1
2022.1.01618.S,0,1
2022.1.01621.S,1,1
2022.1.01622.S,1,1
2022.1.01625.S,0,1
2022.1.01626.S,0,1
2022.1.01634.S,3,1
2022.1.01635.S,1,1
2022.1.01644.S,1,1
2022.1.01647.S,1,1
2022.1.01649.S,2,1
2022.1.01651.S,1,1
2022.1.01654.S,1,1
2022.1.01655.S,1,1
2022.1.01657.S,1,1
2022.1.01660.S,2,1
2022.1.01676.S,-2,0
2022.1.01685.S,0,1
2022.1.01686.S,0,1
2022.1.01691.S,0,1
2022.1.01694.S,1,1
2022.1.01695.S,1,1
2022.1.01705.S,1,1
2022.1.01713.S,1,1
2022.1.01714.S,1,1
2022.1.01734.S,1,1
2022.1.01735.S,1,1
2022.1.01739.S,0,1
2022.1.01740.V,1,1
2022.1.01742.S,1,1
2022.1.01743.S,1,1
2022.1.01753.S,-1,0
2022.1.01756.S,1,1
2022.1.01758.S,-1,0
2022.1.01759.S,-1,0
2022.1.01762.S,0,1
2022.1.01771.S,0,1
2022.1.01772.S,1,1
2022.1.01778.S,-3,0
2022.1.01786.S,-1,0
2022.1.01790.S,-1,0
2022.1.01792.S,0,1
2022.1.01801.S,0,1
2022.A.00001.S,-2,0
2022.A.00009.T,-3,0
2022.A.00010.T,-3,0
2022.A.00017.S,-1,0
2022.A.00023.S,0,1
2022.A.00025.T,-1,0
2022.A.00026.S,3,1
2022.A.00029.S,-1,0
2022.A.00030.T,-1,0
2022.A.00032.S,0,1
2022.A.00034.S,1,1
2022.A.00035.S,1,1
2022.A.00036.S,1,1
2022.A.00037.S,1,1
2023.1.00026.S,1,1
2023.1.00032.S,1,1
2023.1.00045.S,1,1
2023.1.00052.S,0,1
2023.1.00064.S,1,1
2023.1.00091.S,1,1
2023.1.00098.S,1,1
2023.1.00108.S,-2,0
2023.1.00121.S,0,1
2023.1.00124.S,-1,0
2023.1.00127.L,0,1
2023.1.00140.S,0,1
2023.1.00158.S,1,1
2023.1.00161.S,-1,0
2023.1.00177.S,1,1
2023.1.00180.L,1,1
2023.1.00196.S,1,1
2023.1.00225.S,0,1
2023.1.00227.S,0,1
2023.1.00229.S,1,1
2023.1.00251.S,2,1
2023.1.00259.S,0,1
2023.1.00264.S,1,1
2023.1.00295.S,1,1
2023.1.00299.S,0,1
2023.1.00305.T,-2,0
2023.1.00322.S,2,1
2023.1.00334.S,2,1
2023.1.00336.S,1,1
2023.1.00340.S,1,1
2023.1.00341.S,0,1
2023.1.00360.L,3,1
2023.1.00367.S,2,1
2023.1.00387.S,0,1
2023.1.00394.S,0,1
2023.1.00404.S,1,1
2023.1.00413.S,4,1
2023.1.00415.S,1,1
2023.1.00424.S,1,1
2023.1.00429.S,-1,0
2023.1.00432.S,1,1
2023.1.00434.S,2,1
2023.1.00442.S,2,1
2023.1.00467.S,1,1
2023.1.00471.S,0,1
2023.1.00482.S,1,1
2023.1.00499.S,2,1
2023.1.00515.S,1,1
2023.1.00525.S,1,1
2023.1.00536.S,0,1
2023.1.00545.S,1,1
2023.1.00565.S,1,1
2023.1.00570.S,2,1
2023.1.00572.S,1,1
2023.1.00588.S,1,1
2023.1.00592.S,1,1
2023.1.00594.S,1,1
2023.1.00600.S,2,1
2023.1.00626.S,-1,0
2023.1.00628.S,2,1
2023.1.00642.S,1,1
2023.1.00652.S,1,1
2023.1.00665.S,1,1
2023.1.00675.S,-1,0
2023.1.00681.S,1,1
2023.1.00697.S,4,1
2023.1.00698.S,1,1
2023.1.00713.S,2,1
2023.1.00714.S,1,1
2023.1.00717.S,1,1
2023.1.00725.S,-1,0
2023.1.00734.S,1,1
2023.1.00737.S,1,1
2023.1.00740.S,1,1
2023.1.00750.S,1,1
2023.1.00774.S,-1,0
2023.1.00802.S,0,1
2023.1.00804.S,-3,0
2023.1.00812.S,0,1
2023.1.00833.S,1,1
2023.1.00837.S,0,1
2023.1.00842.S,0,1
2023.1.00852.S,0,1
2023.1.00854.S,4,1
2023.1.00868.S,1,1
2023.1.00874.S,1,1
2023.1.00884.S,0,1
2023.1.00887.S,-1,0
2023.1.00937.S,1,1
2023.1.00942.S,1,1
2023.1.00958.T,1,1
2023.1.00963.S,1,1
2023.1.00983.S,0,1
2023.1.00991.S,1,1
2023.1.01012.S,0,1
2023.1.01033.S,1,1
2023.1.01037.S,0,1
2023.1.01042.S,1,1
2023.1.01046.S,-1,0
2023.1.01052.S,1,1
2023.1.01062.S,0,1
2023.1.01066.S,0,1
2023.1.01084.S,0,1
2023.1.01090.S,1,1
2023.1.01099.S,-1,0
2023.1.01100.S,1,1
2023.1.01101.S,1,1
2023.1.01106.S,1,1
2023.1.01127.S,1,1
2023.1.01128.S,1,1
2023.1.01135.S,0,1
2023.1.01149.S,1,1
2023.1.01150.S,2,1
2023.1.01182.S,0,1
2023.1.01195.S,-1,0
2023.1.01196.S,0,1
2023.1.01197.S,0,1
2023.1.01206.S,1,1
2023.1.01214.S,0,1
2023.1.01219.S,1,1
2023.1.01229.S,2,1
2023.1.01245.S,0,1
2023.1.01246.S,1,1
2023.1.01253.S,0,1
2023.1.01262.S,1,1
2023.1.01268.S,0,1
2023.1.01276.S,1,1
2023.1.01290.S,1,1
2023.1.01292.S,-1,0
2023.1.01296.S,0,1
2023.1.01313.S,1,1
2023.1.01318.S,1,1
2023.1.01326.S,1,1
2023.1.01340.S,0,1
2023.1.01342.S,1,1
2023.1.01346.S,1,1
2023.1.01347.S,1,1
2023.1.01354.S,1,1
2023.1.01358.S,1,1
2023.1.01362.S,1,1
2023.1.01370.S,1,1
2023.1.01381.S,-2,0
2023.1.01382.S,1,1
2023.1.01393.S,1,1
2023.1.01415.S,0,1
2023.1.01425.S,1,1
2023.1.01430.S,1,1
2023.1.01435.S,0,1
2023.1.01438.S,1,1
2023.1.01441.S,1,1
2023.1.01464.S,-2,0
2023.1.01471.S,2,1
2023.1.01481.S,-1,0
2023.1.01517.S,-1,0
2023.1.01524.S,1,1
2023.1.01532.S,-1,0
2023.1.01558.S,1,1
2023.1.01573.S,1,1
2023.1.01585.S,-1,0
2023.1.01591.S,1,1
2023.1.01606.S,1,1
2023.1.01629.S,1,1
2023.1.01636.S,-2,0
2023.1.01643.S,0,1
2023.1.01660.S,1,1
2023.1.01674.S,0,1
2023.1.01675.S,1,1
2023.1.01688.S,1,1
2023.1.01689.S,-1,0
2023.1.01703.S,1,1
2023.1.01706.S,1,1
2023.1.01707.S,0,1
2023.1.01710.S,0,1
2023.1.01719.S,-1,0
2023.1.01720.S,0,1
2023.1.01721.S,1,1
2023.A.00003.S,1,1
2023.A.00009.S,1,1
